Member Summary,,,,,,,,2018 PAC Totals & BLIO Breakdown,,,,,,Other 2018 Fundraising Summary Data,,,,,,
New Member?,NoCorpPACs,Candidate ID,CRPName,Party,District,General Elec Result,VotePercent,Total PAC Money,Number of PAC Contributions,Business PACs ,Labor PACs,Ideological PACs,Lead PACs,Other PACs,Net Receipts,Net Individual Total,Candidate Contributions,Large Indivs,Small Indivs,Net Spent
NO,NO,N00005883,Kevin Brady (R),R,TX08,W,73.50%,"$3,018,330",1106,"$2,948,105","$34,500","$10,725","$15,000","$10,000","$5,039,143","$1,460,414",$0,"$1,436,850","$23,564","$5,211,398"
NO,NO,N00028152,Kevin McCarthy (R),R,CA23,W,65.10%,"$2,982,208",1010,"$2,918,058","$39,500","$19,150","$5,500",$0,"$7,732,032","$566,652",$0,"$551,066","$15,586","$7,087,204"
NO,NO,N00007690,Greg Walden (R),R,OR02,W,56.30%,"$2,651,416",1209,"$2,522,866","$74,500","$30,550","$23,500",$0,"$5,061,828","$1,857,169",$0,"$1,671,333","$185,836","$3,854,536"
NO,NO,N00006236,John A Barrasso (R),R,WYS1,W,67.10%,"$2,590,001",1161,"$2,238,270","$6,000","$55,831","$287,400","$2,500","$7,365,344","$3,718,203",$0,"$3,537,859","$180,343","$5,970,640"
NO,NO,N00000153,Richard E Neal (D),D,MA01,W,0.00%,"$2,388,409",1202,"$2,216,109","$143,000","$13,300","$15,000","$1,000","$3,130,248","$739,589",$0,"$719,607","$19,982","$2,984,856"
NO,NO,N00029574,Steve Stivers (R),R,OH15,W,58.50%,"$2,440,022",986,"$2,173,734","$137,500","$63,788","$45,000","$20,000","$3,878,843","$1,124,873",$0,"$1,109,216","$15,657","$3,679,012"
NO,NO,N00001821,Steny H Hoyer (D),D,MD05,W,70.30%,"$2,384,142",864,"$2,024,465","$298,750","$56,427",$0,"$4,500","$3,898,714","$1,029,257",$0,"$992,508","$36,749","$3,835,856"
NO,NO,N00004118,Debbie Stabenow (D),D,MIS2,W,52.30%,"$2,673,386",1346,"$1,943,843","$253,500","$152,893","$310,650","$12,500","$17,135,664","$12,119,448",$0,"$9,205,942","$2,913,497","$15,407,317"
NO,NO,N00026627,Patrick McHenry (R),R,NC10,W,59.30%,"$1,952,906",777,"$1,902,206","$22,500","$8,200","$20,000",$0,"$3,496,042","$809,267",$0,"$801,475","$7,792","$3,311,437"
NO,NO,N00027503,Bob Casey (D),D,PAS2,W,55.70%,"$2,505,211",1324,"$1,771,256","$244,250","$130,955","$355,000","$3,750","$20,841,601","$15,454,801",$0,"$11,946,985","$3,507,806","$16,454,000"
NO,NO,N00026314,Cathy McMorris Rodgers (R),R,WA05,W,54.80%,"$2,028,958",1011,"$1,731,064","$8,000","$97,094","$192,800",$0,"$5,758,031","$2,804,864",$0,"$2,161,149","$643,715","$5,486,875"
NO,NO,N00009660,Steve Scalise (R),R,LA01,W,71.50%,"$1,720,849",618,"$1,663,349","$22,500","$10,000","$25,000",$0,"$9,514,106","$5,874,665",$0,"$2,799,096","$3,075,570","$7,971,197"
NO,NO,N00030026,Blaine Luetkemeyer (R),R,MO03,W,65.10%,"$1,706,028",912,"$1,648,128","$8,000","$21,000","$28,900",$0,"$2,318,259","$572,645",$0,"$539,324","$33,321","$1,906,788"
NO,NO,N00003280,Roger Wicker (R),R,MSS2,W,58.50%,"$2,178,394",1065,"$1,637,424","$27,000","$82,570","$425,400","$6,000","$6,385,407","$3,514,317",$25,"$3,363,229","$151,087","$6,124,649"
NO,NO,N00004403,Ron Kind (D),D,WI03,W,59.70%,"$1,711,128",966,"$1,606,200","$61,500","$27,750","$15,678",$0,"$2,199,052","$464,572",$0,"$272,546","$192,026","$1,809,114"
NO,NO,N00030949,Tom Reed (R),R,NY23,W,55.00%,"$1,789,667",994,"$1,569,846","$69,000","$41,200","$105,471","$4,150","$3,305,723","$1,473,674",$0,"$1,383,837","$89,837","$2,510,364"
NO,NO,N00033443,Deb Fischer (R),R,NES1,W,58.10%,"$1,950,431",1014,"$1,502,292","$50,583","$83,856","$310,700","$3,000","$6,195,068","$3,017,060",$0,"$2,727,690","$289,369","$5,005,590"
NO,NO,N00027605,Jon Tester (D),D,MTS1,W,50.10%,"$2,282,525",1130,"$1,502,072","$201,500","$111,253","$467,700",$0,"$19,227,650","$14,666,076",$0,"$11,333,627","$3,332,438","$17,674,961"
NO,NO,N00004961,John M Shimkus (R),R,IL15,W,70.90%,"$1,572,462",861,"$1,455,087","$61,500","$18,875","$37,000",$0,"$1,966,871","$220,424",$0,"$182,525","$37,899","$1,771,221"
NO,NO,N00034784,Rodney Davis (R),R,IL13,W,50.40%,"$1,828,907",1082,"$1,451,775","$197,500","$46,725","$126,407","$6,500","$3,225,700","$959,309",$0,"$793,344","$165,965","$3,071,639"
NO,NO,N00031233,Andy Barr (R),R,KY06,W,51.00%,"$1,890,284",969,"$1,422,934","$14,500","$112,150","$339,700","$1,000","$4,778,302","$2,505,157",$0,"$2,331,909","$173,248","$4,382,863"
NO,NO,N00000781,Frank Pallone Jr. (D),D,NJ06,W,63.30%,"$1,621,747",810,"$1,417,247","$187,500","$14,000","$3,000",$0,"$2,509,148","$886,941",$0,"$860,296","$26,645","$1,320,964"
NO,NO,N00031647,Mike Kelly (R),R,PA16,W,51.60%,"$1,595,954",843,"$1,408,808","$58,000","$49,500","$76,146","$3,500","$2,368,067","$806,095",$0,"$764,466","$41,630","$2,240,841"
NO,NO,N00029675,Brett Guthrie (R),R,KY02,W,66.70%,"$1,479,170",866,"$1,408,695","$18,000","$9,475","$25,500","$17,500","$1,965,308","$351,492",$0,"$303,100","$48,392","$1,666,509"
NO,NO,N00033399,George Holding (R),R,NC02,W,51.40%,"$1,570,958",803,"$1,390,058","$7,000","$39,000","$134,900",$0,"$2,619,233","$1,099,817",$0,"$1,066,198","$33,619","$2,389,800"
YES,NO,N00003105,Marsha Blackburn (R),R,TNS1,W,54.70%,"$1,999,876",863,"$1,376,172","$6,000","$132,604","$475,100","$10,000","$12,713,017","$8,924,068",$0,"$7,524,495","$1,399,570","$11,819,522"
YES,NO,N00033983,Kyrsten Sinema (D),D,AZS2,W,50.00%,"$2,346,062",1068,"$1,357,982","$272,000","$263,906","$448,174","$4,000","$18,929,335","$15,569,009",$0,"$11,235,262","$4,333,742","$19,891,427"
NO,NO,N00003535,Sherrod Brown (D),D,OHS1,W,53.20%,"$2,281,985",1107,"$1,354,200","$338,950","$146,235","$436,600","$6,000","$27,733,851","$21,357,297",$0,"$14,669,964","$6,687,326","$22,443,213"
NO,NO,N00033177,Tim Kaine (D),D,VAS1,W,57.00%,"$1,970,373",956,"$1,334,831","$207,350","$81,507","$339,185","$7,500","$21,453,807","$12,336,368",$0,"$9,484,047","$2,852,313","$18,473,726"
NO,NO,N00007248,Devin Nunes (R),R,CA22,W,55.20%,"$1,396,278",670,"$1,313,084","$1,500","$42,194","$38,500","$1,000","$11,643,678","$10,224,784",$0,"$4,516,947","$5,707,837","$9,977,823"
NO,NO,N00033106,Ann L Wagner (R),R,MO02,W,51.30%,"$1,349,050",613,"$1,255,300","$5,000","$29,250","$59,500",$0,"$2,898,768","$1,460,868",$0,"$1,443,297","$17,571","$3,165,287"
NO,NO,N00037031,Darin LaHood (R),R,IL18,W,67.20%,"$1,405,824",809,"$1,255,124","$66,500","$31,700","$52,500",$0,"$2,378,485","$907,619",$0,"$790,945","$116,674","$863,174"
NO,NO,N00031226,Jackie Walorski (R),R,IN02,W,54.80%,"$1,367,114",866,"$1,245,541","$5,500","$43,573","$71,500","$1,000","$2,668,864","$917,725",$0,"$823,574","$94,151","$2,246,116"
NO,NO,N00004133,Fred Upton (R),R,MI06,W,50.20%,"$1,538,799",684,"$1,242,349","$70,500","$44,000","$181,700",$250,"$2,894,922","$1,100,394",$0,"$1,022,804","$77,590","$2,568,876"
NO,NO,N00035282,Jason Smith (R),R,MO08,W,73.40%,"$1,297,672",778,"$1,235,422","$3,000","$23,750","$34,500","$1,000","$1,907,702","$419,676",$0,"$406,635","$13,041","$1,220,707"
NO,NO,N00033630,Richard Hudson (R),R,NC08,W,55.40%,"$1,354,284",771,"$1,229,784","$24,000","$24,500","$72,000","$4,000","$2,286,871","$887,830",$0,"$845,024","$42,806","$1,534,614"
NO,NO,N00030967,Sean P Duffy (R),R,WI07,W,60.10%,"$1,346,650",793,"$1,227,400","$47,500","$33,500","$37,000","$1,250","$3,394,896","$1,798,898",$0,"$1,597,575","$201,323","$2,567,785"
NO,NO,N00030622,Terri A Sewell (D),D,AL07,W,0.00%,"$1,335,398",814,"$1,224,148","$72,000","$18,250","$20,000","$1,000","$1,633,321","$316,437",$0,"$301,292","$15,146","$1,027,116"
NO,NO,N00033591,Scott Peters (D),D,CA52,W,62.80%,"$1,460,537",943,"$1,219,337","$71,000","$87,100","$83,100",$0,"$2,637,154","$1,115,949","$51,395","$935,488","$180,461","$1,448,673"
NO,NO,N00030673,Bill Huizenga (R),R,MI02,W,55.30%,"$1,273,102",723,"$1,207,602","$4,500","$18,000","$43,000",$0,"$1,987,840","$670,024",$0,"$606,142","$63,882","$1,853,820"
NO,NO,N00029835,Martin Heinrich (D),D,NMS1,W,54.00%,"$1,808,912",896,"$1,205,740","$176,000","$93,829","$329,843","$3,500","$8,318,909","$5,220,769",$0,"$4,243,662","$977,102","$7,058,344"
NO,NO,N00032838,Joe Manchin (D),D,WVS1,W,49.60%,"$1,835,097",844,"$1,194,607","$221,000","$61,390","$358,100",$0,"$9,066,188","$5,854,823",$0,"$5,490,019","$364,800","$7,661,313"
NO,NO,N00026041,Mike Conaway (R),R,TX11,W,80.20%,"$1,212,371",604,"$1,174,371","$9,000","$12,000","$16,000","$1,000","$2,206,795","$886,573",$0,"$805,782","$80,791","$2,425,081"
NO,NO,N00013323,Sam Graves (R),R,MO06,W,65.40%,"$1,340,010",795,"$1,167,010","$132,000","$14,500","$25,500","$1,000","$1,691,411","$291,039",$0,"$271,775","$19,264","$1,506,196"
NO,NO,N00002408,James E Clyburn (D),D,SC06,W,70.10%,"$1,412,519",649,"$1,164,660","$229,260","$17,599",$0,"$1,000","$1,825,859","$232,284",$0,"$192,686","$39,598","$1,699,317"
NO,NO,N00030768,Martha Roby (R),R,AL02,W,61.50%,"$1,622,850",828,"$1,134,850","$8,000","$95,000","$385,000",$0,"$2,494,868","$787,217",$0,"$741,087","$46,130","$2,088,782"
NO,NO,N00012508,Tom Carper (D),D,DES1,W,60.00%,"$1,428,930",730,"$1,128,030","$49,500","$32,900","$208,500","$10,000","$4,070,561","$1,590,339",$0,"$1,463,512","$126,825","$4,171,231"
NO,NO,N00030788,Tom Graves (R),R,GA14,W,76.50%,"$1,189,265",704,"$1,124,515","$17,000","$14,500","$33,250",$0,"$1,944,661","$654,788",$0,"$647,364","$7,424","$846,701"
NO,NO,N00030071,Kurt Schrader (D),D,OR05,W,55.00%,"$1,195,234",745,"$1,067,456","$78,000","$38,778","$8,500","$2,500","$2,060,338","$603,489",$0,"$544,183","$59,305","$831,030"
NO,NO,N00007364,Dianne Feinstein (D),D,CAS2,W,54.50%,"$1,424,299",678,"$1,058,450","$86,000","$72,649","$207,200",$0,"$16,568,626","$5,443,712","$5,006,050","$4,257,101","$1,186,608","$13,215,794"
NO,NO,N00007419,Mike Thompson (D),D,CA05,W,78.20%,"$1,199,528",620,"$1,052,309","$115,000","$29,219","$2,000","$1,000","$1,947,557","$737,197",$0,"$582,361","$154,836","$1,859,091"
NO,NO,N00027626,Vernon Buchanan (R),R,FL16,W,54.60%,"$1,204,266",560,"$1,045,016","$6,000","$42,250","$111,000",$0,"$2,706,870","$968,250","$500,000","$948,065","$20,185","$3,714,952"
NO,NO,N00001955,Ben Cardin (D),D,MDS1,W,64.90%,"$1,472,126",800,"$1,039,543","$182,500","$79,583","$162,500","$8,000","$5,066,335","$2,733,971",$0,"$2,584,489","$149,478","$4,397,223"
NO,NO,N00031417,Will Hurd (R),R,TX23,W,49.20%,"$1,425,635",756,"$1,037,564","$23,000","$88,229","$276,842",$0,"$4,744,721","$1,621,038",$0,"$1,276,835","$344,203","$4,372,836"
NO,NO,N00036944,Josh Gottheimer (D),D,NJ05,W,55.20%,"$1,544,476",896,"$1,037,126","$163,000","$156,950","$177,400","$10,000","$6,373,223","$4,799,520",$0,"$4,597,285","$202,235","$1,613,539"
NO,NO,N00035346,Buddy Carter (R),R,GA01,W,57.80%,"$1,083,049",638,"$1,020,637","$14,000","$14,053","$33,359","$1,000","$1,659,101","$824,115",$0,"$759,175","$64,940","$858,951"
NO,NO,N00033390,Cheri Bustos (D),D,IL17,W,62.10%,"$1,551,478",918,"$1,020,100","$293,433","$119,245","$117,700","$1,000","$3,642,480","$2,033,637",$0,"$1,578,542","$455,095","$2,768,736"
NO,NO,N00038429,Trey Hollingsworth (R),R,IN09,W,56.50%,"$1,077,950",704,"$1,000,005","$14,500","$20,445","$43,000",$0,"$1,384,559","$322,156",$747,"$305,387","$16,769","$945,593"
NO,NO,N00027500,Amy Klobuchar (D),D,MNS2,W,60.30%,"$1,560,230",759,"$990,323","$194,000","$99,807","$276,100",$0,"$9,981,489","$7,179,317",$0,"$4,993,012","$2,186,301","$7,542,349"
NO,NO,N00035523,Elise Stefanik (R),R,NY21,W,56.70%,"$1,396,639",838,"$990,212","$73,500","$108,586","$203,841","$20,500","$2,640,796","$1,005,814",$0,"$879,041","$126,773","$1,923,595"
NO,NO,N00025219,Michael Burgess (R),R,TX26,W,59.40%,"$1,049,229",527,"$976,329","$9,000","$18,500","$45,400",$0,"$1,562,142","$516,560",$0,"$486,888","$29,672","$1,551,353"
NO,NO,N00000575,John B Larson (D),D,CT01,W,63.70%,"$1,127,293",627,"$958,993","$154,800","$10,500","$3,000",$0,"$1,602,225","$473,179",$0,"$405,462","$67,716","$1,583,992"
NO,NO,N00024978,Henry Cuellar (D),D,TX28,W,84.40%,"$1,033,370",595,"$956,375","$42,000","$32,745",$250,"$2,000","$1,541,766","$503,170","$13,500","$497,408","$5,762","$1,087,078"
NO,NO,N00035440,Tom Emmer (R),R,MN06,W,61.20%,"$1,140,817",665,"$956,223","$86,500","$35,094","$62,000","$1,000","$2,115,263","$782,421",$0,"$638,435","$143,987","$1,859,781"
NO,NO,N00012233,Robert E Latta (R),R,OH05,W,62.50%,"$984,110",679,"$930,070","$9,000","$15,770","$28,270","$1,000","$1,519,154","$475,906",$0,"$420,470","$55,436","$1,311,178"
NO,NO,N00029562,Ben R Lujan (D),D,NM03,W,63.30%,"$1,110,253",587,"$923,998","$146,000","$30,755","$7,000","$2,500","$1,858,353","$576,884",$0,"$489,788","$87,096","$2,061,682"
NO,NO,N00025337,Mario Diaz-Balart (R),R,FL25,W,60.50%,"$1,284,839",621,"$923,985","$175,000","$76,250","$109,584",$20,"$2,111,135","$859,722",$0,"$853,820","$5,902","$1,907,598"
NO,NO,N00035380,Bradley Byrne (R),R,AL01,W,63.30%,"$976,850",600,"$905,100","$18,500","$23,250","$27,000","$3,000","$1,324,946","$274,717",$0,"$264,612","$10,105","$662,610"
NO,NO,N00027566,Christopher S Murphy (D),D,CTS1,W,59.40%,"$1,293,561",666,"$904,393","$119,000","$71,168","$199,000",$0,"$14,589,142","$12,675,865",$0,"$8,734,793","$3,941,064","$9,282,897"
NO,NO,N00031545,Bill Flores (R),R,TX17,W,56.90%,"$938,776",581,"$900,276","$16,000","$7,500","$15,000",$0,"$1,231,487","$306,243",$0,"$296,876","$9,367","$865,452"
NO,NO,N00036135,Garret Graves (R),R,LA06,W,69.50%,"$978,351",622,"$898,268","$30,583","$19,000","$29,500","$1,000","$2,242,934","$548,175",$11,"$542,505","$5,670","$1,027,436"
NO,NO,N00026368,Tim Walberg (R),R,MI07,W,53.80%,"$1,041,213",616,"$890,813",$0,"$30,000","$119,400","$1,000","$2,039,041","$942,951",$0,"$819,313","$123,638","$1,339,485"
NO,NO,N00024870,Linda Sanchez (D),D,CA38,W,67.50%,"$1,089,411",629,"$888,661","$182,500","$14,250","$4,000",$0,"$1,632,598","$370,153",$600,"$340,469","$29,684","$1,299,732"
NO,NO,N00032088,Bill Johnson (R),R,OH06,W,69.30%,"$1,069,199",647,"$888,499","$106,050","$27,250","$47,400",$0,"$1,824,414","$778,088",$0,"$730,251","$47,837","$1,552,533"
NO,NO,N00027623,Adrian Smith (R),R,NE03,W,76.70%,"$941,590",583,"$885,590","$5,000","$18,500","$31,500","$1,000","$1,167,263","$239,844",$0,"$219,725","$20,119","$1,524,716"
NO,NO,N00003028,Robert B Aderholt (R),R,AL04,W,79.90%,"$928,843",527,"$881,943","$16,000","$9,900","$17,500","$3,500","$1,485,120","$453,814",$0,"$430,365","$23,449","$851,138"
NO,NO,N00026166,Virginia Foxx (R),R,NC05,W,57.20%,"$944,107",499,"$881,630","$2,500","$25,477","$24,500","$10,000","$2,095,324","$1,147,205",$0,"$1,103,269","$43,936","$1,689,357"
NO,NO,N00004558,Collin Peterson (D),D,MN07,W,52.10%,"$1,017,175",521,"$873,513","$89,000","$34,100","$19,562","$1,000","$1,424,843","$290,017",$0,"$224,964","$65,052","$1,439,517"
NO,NO,N00030717,Ami Bera (D),D,CA07,W,54.30%,"$1,121,697",655,"$867,197","$54,900","$105,000","$93,600","$1,000","$2,792,846","$1,675,683",$21,"$1,401,582","$274,101","$1,371,426"
NO,NO,N00025726,Tom Cole (R),R,OK04,W,63.10%,"$967,107",576,"$862,707","$56,000","$34,400","$11,500","$2,500","$1,806,114","$821,704",$0,"$797,475","$24,229","$1,790,651"
NO,NO,N00035792,French Hill (R),R,AR02,W,52.10%,"$991,277",517,"$861,777","$5,000","$26,000","$98,500",$0,"$2,724,802","$1,553,171",$0,"$1,474,510","$78,661","$2,843,741"
NO,NO,N00006267,Mike Crapo (R),R,IDS2,,,"$870,325",452,"$861,325","$3,500","$4,000","$1,500",$0,"$6,736,737","$3,568,514",$0,"$2,448,880","$119,632","$6,462,634"
NO,NO,N00004367,Tammy Baldwin (D),D,WIS1,W,55.40%,"$1,680,755",828,"$855,300","$242,505","$192,388","$388,562","$2,000","$29,044,284","$25,591,511",$0,"$15,346,739","$10,244,760","$26,747,406"
NO,NO,N00033085,Ted Cruz (R),R,TXS2,W,50.90%,"$1,202,282",452,"$851,432","$6,500","$104,150","$240,200",$0,"$40,118,702","$28,842,608",$0,"$16,463,696","$12,378,909","$33,896,025"
NO,NO,N00024871,David Scott (D),D,GA13,W,76.20%,"$971,277",415,"$850,749","$88,500","$18,028","$14,000",$0,"$1,099,187","$65,084",$0,"$62,600","$2,484","$1,050,126"
NO,NO,N00035934,John Katko (R),R,NY24,W,53.10%,"$1,271,499",745,"$842,006","$138,000","$98,521","$191,472","$1,500","$2,524,478","$858,811",$0,"$783,940","$74,871","$2,287,569"
NO,NO,N00033410,Markwayne Mullin (R),R,OK02,W,65.00%,"$922,583",551,"$840,093","$3,000","$16,090","$62,400","$1,000","$1,459,281","$465,594",$0,"$446,570","$19,024","$1,342,372"
NO,NO,N00030676,Billy Long (R),R,MO07,W,66.30%,"$899,522",536,"$838,642","$5,000","$17,500","$32,880","$5,500","$1,527,112","$503,880",$0,"$488,430","$15,450","$1,149,689"
NO,NO,N00029285,Pete Olson (R),R,TX22,W,51.40%,"$919,540",564,"$838,155","$2,500","$27,385","$51,500",$0,"$1,441,469","$525,600",$0,"$505,644","$19,956","$1,663,229"
NO,NO,N00026341,Jim Costa (D),D,CA16,W,55.00%,"$1,000,390",570,"$837,190","$52,500","$61,000","$47,700","$2,000","$1,828,442","$775,175",$0,"$770,689","$4,485","$2,296,881"
NO,NO,N00027510,Ed Perlmutter (D),D,CO07,W,60.40%,"$1,048,569",563,"$836,069","$129,500","$28,500","$54,500",$0,"$1,741,714","$630,578",$0,"$491,750","$138,828","$1,304,691"
NO,NO,N00035007,David P Joyce (R),R,OH14,W,55.40%,"$1,265,004",677,"$835,854","$249,250","$60,000","$110,400","$9,500","$2,547,525","$1,200,307",$0,"$1,154,826","$45,482","$2,662,393"
NO,NO,N00033832,Tom Rice (R),R,SC07,W,59.60%,"$861,799",528,"$827,799","$3,000","$6,500","$22,000","$2,500","$1,501,637","$630,337",$0,"$623,162","$7,175","$906,711"
NO,NO,N00026710,Kenny Marchant (R),R,TX24,W,50.70%,"$856,684",483,"$822,884","$7,500","$8,300","$17,000","$1,000","$1,222,000","$256,713",$0,"$253,615","$3,098","$1,089,727"
NO,NO,N00030667,Adam Kinzinger (R),R,IL16,W,59.10%,"$996,185",518,"$818,285","$63,500","$64,200","$49,200","$1,000","$1,772,985","$457,424",$0,"$411,051","$46,373","$2,170,975"
NO,NO,N00034453,Derek Kilmer (D),D,WA06,W,63.90%,"$956,321",630,"$811,721","$118,500","$22,600","$3,500",$0,"$2,273,300","$1,104,933",$0,"$969,145","$135,788","$1,257,122"
NO,NO,N00040133,Stephanie Murphy (D),D,FL07,W,57.70%,"$1,407,574",871,"$806,493","$144,500","$213,231","$237,350","$6,000","$3,017,120","$1,600,917",$0,"$1,353,964","$246,952","$2,276,547"
NO,NO,N00030693,Suzan DelBene (D),D,WA01,W,59.30%,"$884,879",549,"$785,379","$79,000","$11,000","$9,500",$0,"$2,001,731","$952,886",$0,"$804,910","$147,976","$1,353,123"
NO,NO,N00029070,Jim Himes (D),D,CT04,W,60.90%,"$825,206",497,"$783,973","$20,000","$21,233",$0,$0,"$1,902,884","$886,431",$0,"$734,622","$151,809","$1,366,938"
NO,NO,N00005559,Frank D Lucas (R),R,OK03,W,73.90%,"$815,053",467,"$783,353","$1,000","$9,200","$21,500",$0,"$1,030,837","$130,957",$0,"$127,422","$3,535","$849,735"
NO,NO,N00033518,Doug Collins (R),R,GA09,W,79.50%,"$844,050",490,"$780,550","$10,500","$13,500","$39,500",$0,"$1,306,992","$465,884",$0,"$424,330","$41,554","$606,919"
NO,NO,N00033527,David Rouzer (R),R,NC07,W,55.60%,"$836,650",553,"$771,400","$22,000","$11,250","$30,000","$2,000","$1,455,662","$606,090",$0,"$588,089","$18,001","$880,700"
NO,NO,N00007360,Nancy Pelosi (D),D,CA12,W,86.80%,"$1,028,700",392,"$768,700","$218,500","$39,000",$0,"$2,500","$4,010,778","$2,648,920",$0,"$1,359,589","$1,289,331","$4,495,903"
NO,NO,N00006460,David Schweikert (R),R,AZ06,W,55.30%,"$820,150",525,"$765,150","$2,500","$9,000","$42,500","$1,000","$1,547,683","$420,757",$0,"$398,103","$22,655","$1,332,697"
NO,NO,N00043298,Cindy Hyde-Smith (R),R,MSS1,W,41.20%,"$1,036,047",417,"$764,097","$4,000","$41,950","$226,000",$0,"$3,558,567","$2,165,673",$0,"$2,034,515","$131,158","$3,354,107"
NO,NO,N00034580,Angus King (I),I,MES1,W,0.00%,"$1,130,730",622,"$763,431","$173,166","$43,133","$151,000",$0,"$5,415,277","$4,001,609","$84,649","$3,345,072","$656,535","$4,907,840"
NO,NO,N00000699,Robert Menendez (D),D,NJS1,W,53.70%,"$1,330,987",556,"$756,743","$161,100","$139,800","$273,344",$0,"$11,453,442","$8,213,845",$0,"$7,867,318","$346,521","$11,047,953"
NO,NO,N00037049,Don Bacon (R),R,NE02,W,51.60%,"$1,150,036",666,"$743,374","$65,000","$101,850","$239,812",$0,"$2,481,591","$964,647","$2,764","$845,169","$119,478","$1,843,439"
NO,NO,N00035420,Mike Bost (R),R,IL12,W,51.60%,"$1,306,696",740,"$741,406","$166,500","$117,357","$281,433",$0,"$2,596,571","$964,297",$0,"$867,026","$97,271","$2,371,973"
NO,NO,N00027462,Gus Bilirakis (R),R,FL12,W,58.10%,"$773,570",463,"$727,967","$2,000","$8,000","$35,603",$0,"$1,850,840","$960,274",$0,"$873,565","$86,709","$1,550,488"
NO,NO,N00024852,John Cornyn (R),R,TXS1,,,"$739,859",372,"$720,359","$3,000","$5,500","$10,000","$1,000","$18,063,271","$9,685,740",$0,"$8,919,060","$766,681","$15,261,246"
NO,NO,N00029404,Lee Zeldin (R),R,NY01,W,52.50%,"$985,224",577,"$716,900","$91,900","$71,724","$100,300","$4,400","$4,194,228","$2,694,126",$0,"$1,972,874","$721,252","$3,141,654"
NO,NO,N00000751,Bill Pascrell Jr. (D),D,NJ09,W,70.00%,"$926,609",581,"$714,499","$204,110","$6,000","$2,000",$0,"$1,543,127","$610,766",$0,"$599,945","$10,821","$1,173,249"
NO,NO,N00033997,Pete Aguilar (D),D,CA31,W,56.90%,"$928,102",538,"$695,702","$162,000","$41,000","$29,400",$0,"$2,540,651","$1,579,590",$0,"$1,111,548","$468,041","$2,065,448"
NO,NO,N00030184,Cedric Richmond (D),D,LA02,W,80.60%,"$925,633",539,"$689,257","$204,876","$17,000","$13,500","$1,000","$1,469,237","$340,618",$0,"$329,190","$11,428","$1,069,050"
NO,NO,N00024759,Mike D Rogers (R),R,AL03,W,63.80%,"$751,220",461,"$688,520","$15,500","$21,200","$25,000","$1,000","$1,219,288","$460,557",$0,"$450,890","$9,667","$857,388"
NO,NO,N00008799,Kay Granger (R),R,TX12,W,64.30%,"$743,573",373,"$687,573","$17,500","$20,000","$17,500","$1,000","$1,927,528","$1,200,762",$0,"$1,165,209","$35,553","$1,652,964"
NO,NO,N00025095,John Carter (R),R,TX31,W,50.60%,"$935,306",536,"$686,914","$38,000","$58,962","$150,430","$1,000","$1,641,823","$754,017",$0,"$727,096","$26,921","$1,492,248"
NO,NO,N00033373,Tony Cardenas (D),D,CA29,W,79.70%,"$849,424",501,"$685,834","$114,000","$41,090","$8,500",$0,"$1,387,945","$568,182",$0,"$511,455","$56,727","$1,307,291"
NO,NO,N00026460,Michael McCaul (R),R,TX10,W,50.90%,"$725,184",413,"$681,434","$17,000","$20,750","$6,000",$0,"$1,618,946","$822,518",$0,"$803,745","$18,773","$1,475,460"
NO,NO,N00027459,Doris O Matsui (D),D,CA06,W,80.90%,"$764,303",453,"$673,803","$84,500","$6,000",$0,$0,"$1,019,251","$246,186",$0,"$219,920","$26,266","$1,046,817"
NO,NO,N00033510,Raul Ruiz (D),D,CA36,W,57.00%,"$1,060,825",626,"$671,975","$122,250","$126,200","$140,400",$0,"$3,002,014","$1,835,154",$0,"$1,450,196","$384,958","$2,088,581"
NO,NO,N00033101,Brad Schneider (D),D,IL10,W,65.60%,"$1,117,928",730,"$648,103","$174,500","$160,925","$133,400","$1,000","$4,099,305","$3,153,640",$0,"$2,278,313","$875,327","$2,981,616"
NO,NO,N00039330,Mike Gallagher (R),R,WI08,W,63.70%,"$848,135",472,"$641,835","$20,200","$89,700","$96,400",$0,"$2,720,558","$1,836,074",$0,"$1,805,425","$30,649","$1,843,913"
NO,NO,N00037034,Roger Marshall (R),R,KS01,W,68.20%,"$738,412",468,"$639,358","$14,000","$22,500","$61,554","$1,000","$1,188,698","$362,608",$0,"$346,792","$15,816","$473,735"
NO,NO,N00027741,David Loebsack (D),D,IA02,W,54.80%,"$1,046,050",602,"$638,900","$188,500","$91,050","$124,100","$3,500","$1,966,822","$897,437",$0,"$711,154","$186,283","$1,638,781"
NO,NO,N00035492,Thom Tillis (R),R,NCS1,,,"$669,900",384,"$638,400","$4,500","$6,000","$20,000","$1,000","$13,027,787","$9,044,328","$250,000","$7,682,241","$1,362,080","$11,787,783"
NO,NO,N00030196,Paul Tonko (D),D,NY20,W,66.10%,"$825,237",527,"$631,750","$157,888","$32,099","$2,500","$1,000","$1,255,208","$432,447",$0,"$273,733","$158,714","$996,490"
NO,NO,N00030245,Bill Cassidy (R),R,LAS1,,,"$641,500",390,"$630,500","$2,000","$5,000","$3,000","$1,000","$19,118,296","$12,920,733",$0,"$11,599,281","$1,321,450","$16,555,714"
NO,NO,N00033495,Susan Brooks (R),R,IN05,W,56.80%,"$726,217",450,"$625,217","$15,500","$33,000","$42,500","$10,000","$1,346,176","$492,063",$0,"$457,106","$34,957","$1,421,686"
NO,NO,N00003389,Mitch McConnell (R),R,KYS1,,,"$679,396",275,"$623,313","$13,700","$23,300","$19,083",$0,"$25,851,995","$14,240,679","$1,800,000","$13,036,655","$1,204,016","$29,871,757"
NO,NO,N00000078,Carolyn B Maloney (D),D,NY12,W,86.20%,"$825,134",459,"$621,405","$150,650","$41,079","$12,500",-$500,"$2,052,940","$1,170,284",$0,"$1,079,293","$90,990","$2,347,730"
NO,NO,N00036154,Don Norcross (D),D,NJ01,W,64.30%,"$942,506",567,"$620,006","$288,800","$19,200","$14,500",$0,"$2,014,388","$1,096,271",$0,"$1,075,750","$20,521","$1,250,028"
NO,NO,N00030875,Ann Kuster (D),D,NH02,W,55.60%,"$1,089,914",699,"$617,339","$227,500","$122,475","$122,600",$0,"$3,187,974","$2,044,792",$0,"$1,742,641","$302,150","$2,750,851"
NO,NO,N00006263,Mike Simpson (R),R,ID02,W,60.70%,"$688,866",396,"$616,366","$34,500","$7,000","$30,000","$1,000","$1,105,201","$354,351",$0,"$333,200","$21,151","$934,614"
NO,NO,N00001171,Gregory W Meeks (D),D,NY05,W,0.00%,"$671,699",408,"$615,600","$43,500","$7,599","$2,000","$3,000","$901,943","$232,982",$0,"$221,228","$11,754","$901,034"
NO,NO,N00004572,John Thune (R),R,SDS1,,,"$627,565",330,"$610,065","$15,500",$0,$0,"$2,000","$10,395,609","$5,088,941",$0,"$4,327,261","$761,678","$6,716,243"
NO,NO,N00029139,Bill Foster (D),D,IL11,W,63.80%,"$773,525",469,"$610,050","$144,000","$18,475","$1,000",$0,"$2,415,424","$1,572,674",$0,"$1,258,805","$313,870","$1,419,469"
NO,NO,N00001489,Pat Toomey (R),R,PAS1,,,"$631,831",413,"$607,331","$12,500","$6,000","$6,000",$0,"$30,237,025","$23,462,358",$0,"$18,465,933","$4,996,416","$31,290,747"
NO,NO,N00001285,Chris Collins (R),R,NY27,W,49.50%,"$729,144",456,"$605,398","$45,000","$33,000","$45,746",$0,"$1,308,758","$390,624",$0,"$372,344","$18,280","$1,323,723"
NO,NO,N00033310,Brad Wenstrup (R),R,OH02,W,57.80%,"$663,584",400,"$605,084","$4,000","$16,000","$37,500","$1,000","$1,364,360","$403,558",$0,"$315,981","$87,577","$1,115,103"
NO,NO,N00039551,Ted Budd (R),R,NC13,W,51.60%,"$831,193",454,"$601,454","$10,000","$74,686","$144,053","$1,000","$2,026,781","$1,094,551","$16,000","$945,009","$149,542","$1,520,110"
NO,NO,N00003682,Rob Portman (R),R,OHS2,,,"$642,916",435,"$600,416","$17,000","$10,500","$15,000",$0,"$26,078,124","$18,186,917",$0,"$16,881,260","$1,305,649","$26,642,774"
NO,NO,N00028139,Mazie K Hirono (D),D,HIS2,W,69.30%,"$1,121,124",583,"$598,000","$226,625","$72,999","$223,500",$0,"$4,689,197","$2,993,195",$0,"$2,486,596","$497,592","$3,267,509"
NO,NO,N00033904,Joyce Beatty (D),D,OH03,W,73.30%,"$715,863",417,"$596,588","$93,500","$6,275","$9,500","$10,000","$970,811","$244,098",$0,"$231,585","$12,513","$561,244"
YES,NO,N00043290,Rick Scott (R),R,FLS1,W,50.20%,"$834,159",236,"$594,009",$0,"$59,150","$181,000",$0,"$68,618,029","$15,994,160","$51,028,228","$13,994,847","$1,999,312","$66,313,266"
NO,NO,N00006052,Mac Thornberry (R),R,TX13,W,81.60%,"$624,207",343,"$593,207","$20,000","$6,000","$4,000","$1,000","$1,369,597","$710,848",$0,"$694,293","$16,555","$1,365,192"
NO,NO,N00007727,Earl Blumenauer (D),D,OR03,W,72.60%,"$705,441",401,"$591,288","$97,500","$14,653","$2,000",$0,"$1,374,537","$509,339",$0,"$399,339","$110,000","$1,444,234"
NO,NO,N00031227,Larry Bucshon (R),R,IN08,W,64.40%,"$662,706",368,"$591,206","$23,500","$8,500","$39,500",$0,"$965,433","$237,653",$0,"$230,200","$7,453","$1,024,191"
NO,NO,N00033240,Raja Krishnamoorthi (D),D,IL08,W,66.00%,"$973,863",628,"$590,583","$254,500","$79,580","$48,200","$1,000","$5,068,347","$4,140,458","$8,133","$3,956,455","$184,003","$1,663,009"
NO,NO,N00035527,Bruce Westerman (R),R,AR04,W,66.70%,"$670,200",425,"$590,250","$10,500","$17,250","$52,200",$0,"$1,561,040","$889,773",$0,"$820,096","$69,677","$947,196"
NO,NO,N00038781,Lloyd Smucker (R),R,PA11,W,58.60%,"$847,613",571,"$589,069","$10,000","$65,844","$179,200","$3,500","$1,302,707","$417,859",$0,"$403,832","$14,027","$1,224,468"
NO,NO,N00034044,Joe Kennedy III (D),D,MA04,W,0.00%,"$767,544",429,"$587,544","$148,500","$20,500","$10,000","$1,000","$4,255,893","$3,154,698",$0,"$2,369,378","$785,320","$2,665,498"
NO,NO,N00033839,Marc Veasey (D),D,TX33,W,76.10%,"$806,389",502,"$585,639","$200,500","$13,750","$5,500","$1,000","$1,373,799","$563,783",$0,"$545,033","$18,750","$1,267,924"
NO,NO,N00002674,Sanford Bishop (D),D,GA02,W,59.60%,"$724,784",406,"$578,630","$107,500","$26,904","$9,750","$2,000","$1,118,203","$218,042",$0,"$211,615","$6,427","$1,153,645"
NO,NO,N00029891,Gerry Connolly (D),D,VA11,W,71.10%,"$793,169",495,"$577,150","$180,500","$17,099","$18,420",$0,"$1,923,348","$1,068,074",$0,"$803,068","$265,005","$1,000,376"
NO,NO,N00007099,Ken Calvert (R),R,CA42,W,58.90%,"$659,373",354,"$576,923","$14,500","$38,700","$27,500","$1,750","$1,539,568","$837,027",$0,"$820,920","$16,107","$1,551,261"
NO,NO,N00038779,Brian Fitzpatrick (R),R,PA01,W,51.30%,"$1,145,745",657,"$576,495","$217,000","$127,550","$221,700","$3,000","$3,081,809","$1,318,308",$0,"$1,239,146","$79,162","$2,780,210"
NO,NO,N00036018,Don Beyer (D),D,VA08,W,76.10%,"$670,657",420,"$575,593","$63,500","$19,044","$11,520","$1,000","$2,074,659","$1,318,360",$0,"$1,194,224","$124,136","$1,767,491"
NO,NO,N00025445,David Kustoff (R),R,TN08,W,67.60%,"$683,211",421,"$574,962","$10,500","$28,250","$68,499","$1,000","$1,695,916","$1,041,907",$0,"$1,024,170","$17,737","$1,594,096"
NO,NO,N00031782,Tim Scott (R),R,SCS1,,,"$597,240",383,"$570,900","$7,500","$5,840","$12,000","$1,000","$14,098,793","$7,642,989",$0,"$7,216,298","$426,687","$10,138,991"
NO,NO,N00033508,Eric Swalwell (D),D,CA15,W,72.20%,"$757,932",470,"$569,654","$155,200","$32,950",$128,$0,"$2,766,327","$1,833,699",$0,"$1,637,507","$196,192","$2,135,911"
NO,NO,N00002097,Mark Warner (D),D,VAS2,,,"$598,200",352,"$568,700","$13,500","$14,000","$1,000","$1,000","$16,573,767","$11,738,562","$63,275","$10,169,370","$1,569,184","$17,585,617"
NO,NO,N00037260,Lou Correa (D),D,CA46,W,65.50%,"$704,918",492,"$567,418","$88,500","$29,500","$19,500",$0,"$1,117,516","$400,172",$0,"$388,917","$11,255","$466,281"
NO,NO,N00038414,Lisa Blunt Rochester (D),D,DE01,W,64.50%,"$778,423",494,"$565,373","$134,500","$38,050","$38,500","$2,000","$1,202,187","$374,320","$1,280","$295,780","$78,540","$965,832"
NO,NO,N00033395,Dan Kildee (D),D,MI05,W,59.50%,"$751,550",450,"$564,750","$149,800","$19,500","$17,000",$500,"$1,113,146","$358,465",$0,"$289,219","$69,247","$966,446"
NO,NO,N00031857,Steve Womack (R),R,AR03,W,64.70%,"$613,787",367,"$554,787","$3,000","$27,000","$28,000","$1,000","$1,198,819","$527,982",$0,"$497,873","$30,109","$1,183,674"
NO,NO,N00037269,Brian Mast (R),R,FL18,W,54.30%,"$1,010,662",580,"$551,883","$92,000","$114,044","$252,735",$0,"$5,346,574","$3,734,391",$0,"$2,098,372","$1,636,019","$4,530,173"
NO,NO,N00003689,Steve Chabot (R),R,OH01,W,51.80%,"$753,988",434,"$551,496","$3,000","$47,489","$152,003",$0,"$1,578,379","$797,185",$0,"$729,503","$67,682","$1,964,323"
NO,NO,N00039090,Drew Ferguson (R),R,GA03,W,65.50%,"$626,284",420,"$545,100","$36,000","$11,684","$32,500","$1,000","$1,172,240","$483,102",$0,"$450,225","$32,877","$1,009,458"
NO,NO,N00006134,Diana DeGette (D),D,CO01,W,73.80%,"$637,750",374,"$541,550","$76,700","$12,000","$7,500",$0,"$1,254,313","$573,229",$0,"$498,132","$75,097","$1,157,449"
NO,NO,N00031128,Bob Gibbs (R),R,OH07,W,58.90%,"$709,388",429,"$540,324","$54,000","$29,464","$85,100",$500,"$1,055,843","$318,205",$0,"$292,084","$26,122","$1,837,693"
NO,NO,N00038601,Jimmy Panetta (D),D,CA20,W,79.70%,"$686,415",456,"$537,165","$86,250","$43,800","$19,200",$0,"$1,114,931","$434,148",$270,"$421,876","$12,272","$664,822"
NO,NO,N00036403,Dan Newhouse (R),R,WA04,W,62.80%,"$657,711",401,"$528,411","$67,000","$28,800","$31,000","$2,500","$1,089,512","$423,028",$0,"$363,437","$59,591","$965,527"
NO,NO,N00035347,Barry Loudermilk (R),R,GA11,W,61.80%,"$577,395",366,"$527,245","$5,000","$14,150","$31,000",$0,"$796,400","$224,255",$0,"$211,916","$12,340","$476,860"
NO,NO,N00036149,Debbie Dingell (D),D,MI12,W,68.10%,"$685,300",399,"$526,300","$138,500","$16,500","$3,000","$1,000","$1,145,816","$458,986",$0,"$376,509","$82,477","$1,079,967"
NO,NO,N00031557,Dennis Heck (D),D,WA10,W,61.50%,"$649,750",400,"$525,500","$99,000","$18,250","$7,000",$0,"$1,527,723","$743,629",$0,"$654,426","$89,204","$1,044,527"
NO,NO,N00030780,Cory Gardner (R),R,COS2,,,"$541,960",335,"$523,750","$1,000","$7,710","$9,500",$0,"$14,027,091","$9,462,237",$0,"$7,680,696","$1,781,536","$13,489,737"
NO,NO,N00003288,Bennie G Thompson (D),D,MS02,W,71.80%,"$756,198",413,"$520,197","$226,000","$5,001","$5,000",$0,"$1,008,890","$205,122",$0,"$194,947","$10,174","$962,321"
NO,NO,N00032457,Austin Scott (R),R,GA08,W,100.00%,"$588,400",352,"$517,500","$15,500","$20,500","$33,900","$1,000","$786,079","$195,929",$0,"$188,938","$6,991","$579,098"
NO,NO,N00026790,Emanuel Cleaver (D),D,MO05,W,61.60%,"$670,200",370,"$514,500","$117,700","$17,500","$19,500","$1,000","$1,036,469","$277,928",$0,"$242,873","$35,055","$816,403"
NO,NO,N00040712,Ron Estes (R),R,KS04,W,59.40%,"$671,814",386,"$513,064","$10,000","$21,750","$126,000","$1,000","$1,674,880","$875,526",$0,"$845,368","$30,159","$1,219,207"
NO,NO,N00024809,Joe Wilson (R),R,SC02,W,56.30%,"$600,443",345,"$513,043","$6,000","$53,400","$24,000","$4,000","$1,097,306","$484,384",$0,"$438,643","$45,741","$1,429,534"
NO,NO,N00032416,Rob Woodall (R),R,GA07,W,50.70%,"$614,650",358,"$512,750","$14,000","$34,700","$53,200",$0,"$1,089,622","$460,022",$0,"$421,595","$38,427","$923,833"
NO,NO,N00027035,G K Butterfield (D),D,NC01,W,69.80%,"$577,633",378,"$510,098","$52,500","$11,035","$4,000",$0,"$760,475","$102,340",$0,"$92,505","$9,834","$880,387"
NO,NO,N00035311,Mark Walker (R),R,NC06,W,56.60%,"$572,825",368,"$506,745","$10,000","$12,500","$43,580",$0,"$1,216,685","$296,499",$0,"$275,380","$21,119","$612,999"
NO,NO,N00035972,John Lee Ratcliffe (R),R,TX04,W,75.70%,"$567,680",376,"$505,430","$12,000","$20,750","$29,500",$0,"$746,977","$454,842",$0,"$426,809","$28,032","$489,189"
NO,NO,N00031681,David McKinley (R),R,WV01,W,64.60%,"$797,256",442,"$504,506","$237,250","$22,500","$32,000","$1,000","$1,209,760","$397,560",$0,"$381,865","$15,695","$869,928"
NO,NO,N00033814,Alex Mooney (R),R,WV02,W,54.00%,"$772,909",417,"$501,250","$15,000","$88,324","$168,335",$0,"$1,730,187","$982,568",$0,"$830,268","$152,300","$868,067"
NO,NO,N00007021,Juan Vargas (D),D,CA51,W,68.90%,"$610,900",340,"$499,900","$94,500","$14,500","$2,000",$0,"$874,890","$185,678",$0,"$182,779","$2,900","$784,216"
NO,NO,N00034277,Sean Patrick Maloney (D),D,NY18,W,55.10%,"$799,751",459,"$499,857","$165,166","$59,628","$75,100",$0,"$2,524,635","$1,675,745",$0,"$1,426,721","$249,024","$3,885,064"
NO,NO,N00003813,Pete Visclosky (D),D,IN01,W,65.10%,"$689,149",356,"$497,813","$183,600","$6,236","$1,500",$0,"$1,053,669","$346,299",$0,"$344,693","$1,605","$820,486"
NO,NO,N00029459,Rob Wittman (R),R,VA01,W,55.20%,"$571,770",365,"$497,270","$50,000","$10,500","$13,000","$1,000","$1,411,558","$749,490",$0,"$632,097","$117,394","$1,604,109"
NO,NO,N00035431,Seth Moulton (D),D,MA06,W,65.20%,"$622,251",404,"$496,838","$73,000","$35,913","$16,500",$0,"$2,282,922","$1,473,438",$0,"$1,307,017","$166,421","$2,417,043"
NO,NO,N00007781,Peter DeFazio (D),D,OR04,W,56.00%,"$749,508",407,"$493,425","$219,000","$24,278","$12,805",$0,"$1,754,942","$723,484",$0,"$432,264","$291,220","$1,255,450"
NO,NO,N00002942,Charlie Crist (D),D,FL13,W,57.60%,"$944,096",586,"$488,815","$194,000","$117,781","$143,500",$0,"$3,180,303","$2,304,569",$0,"$2,169,813","$134,756","$1,350,097"
NO,NO,N00003473,Hal Rogers (R),R,KY05,W,78.90%,"$535,332",321,"$483,832","$23,500","$7,500","$10,500","$10,000","$836,814","$326,774",$0,"$322,150","$4,624","$893,268"
NO,NO,N00027509,Scott Tipton (R),R,CO03,W,51.50%,"$549,995",322,"$481,995","$1,000","$7,500","$59,500",$0,"$1,586,296","$854,085",$0,"$778,952","$75,134","$1,649,000"
NO,NO,N00042194,Troy Balderson (R),R,OH12,W,51.60%,"$806,050",363,"$479,850","$37,000","$66,000","$223,200",$0,"$2,304,530","$1,332,981",$0,"$1,146,748","$186,233","$2,128,521"
NO,NO,N00027239,Daniel Lipinski (D),D,IL03,W,73.00%,"$794,085",472,"$479,710","$194,000","$85,425","$31,950","$3,000","$1,498,678","$663,819",$0,"$553,450","$110,369","$2,291,278"
NO,YES,N00001102,Nydia M Velazquez (D),D,NY07,W,93.40%,"$620,439",348,"$479,465","$101,500","$11,099","$28,000",$375,"$954,594","$352,469",$0,"$310,676","$41,793","$707,735"
NO,NO,N00029736,Glenn Thompson (R),R,PA15,W,67.80%,"$571,467",415,"$479,312","$23,500","$37,305","$20,850","$10,500","$1,235,234","$642,623",$0,"$585,441","$57,182","$1,309,125"
NO,NO,N00000515,Peter Welch (D),D,VT01,W,67.80%,"$609,850",358,"$477,350","$111,500","$21,000",$0,$0,"$804,175","$179,980",$0,"$126,491","$53,489","$627,765"
NO,NO,N00009759,Rick Larsen (D),D,WA02,W,71.30%,"$647,550",402,"$476,750","$156,550","$13,250","$1,000",$0,"$1,046,665","$288,146",$0,"$226,837","$61,308","$912,718"
NO,NO,N00032029,Morgan Griffith (R),R,VA09,W,65.20%,"$521,633",264,"$474,483",$0,"$9,000","$38,150",$0,"$1,059,744","$466,169","$2,199","$400,619","$65,550","$806,320"
NO,NO,N00031559,Jaime Herrera Beutler (R),R,WA03,W,52.70%,"$650,756",378,"$473,973","$10,000","$56,250","$109,533","$1,000","$2,217,244","$1,410,943",$0,"$1,061,210","$349,732","$2,149,451"
NO,NO,N00005736,Brian Babin (R),R,TX36,W,72.60%,"$520,655",340,"$469,500","$23,500","$12,655","$15,000",$0,"$1,097,370","$587,415",$0,"$555,887","$31,529","$681,462"
NO,NO,N00036275,John Moolenaar (R),R,MI04,W,62.60%,"$522,738",346,"$468,925","$2,000","$15,000","$35,563","$1,250","$1,108,421","$575,682",$0,"$544,588","$31,094","$723,364"
NO,NO,N00026914,Gwen Moore (D),D,WI04,W,75.60%,"$604,766",356,"$459,350","$125,666","$14,750","$5,000",$0,"$943,769","$257,500",$0,"$219,760","$37,740","$917,086"
NO,NO,N00025292,Rob Bishop (R),R,UT01,W,61.60%,"$532,085",290,"$457,885","$36,500","$23,000","$14,700",$0,"$1,195,354","$630,353",$0,"$613,781","$16,573","$1,018,637"
NO,NO,N00001373,Mike Doyle (D),D,PA18,W,100.00%,"$648,639",344,"$457,000","$173,000","$13,639","$5,000",$0,"$888,214","$175,218",$0,"$170,882","$4,336","$819,348"
NO,NO,N00038809,Vicente Gonzalez (D),D,TX15,W,59.70%,"$653,328",390,"$456,133","$140,000","$41,795","$15,400",$0,"$1,288,414","$594,199",$0,"$583,118","$11,081","$370,729"
NO,NO,N00027060,Brian M Higgins (D),D,NY26,W,73.10%,"$599,898",409,"$448,949","$138,850","$6,599","$5,500",$0,"$977,214","$406,475",$0,"$360,474","$46,001","$792,145"
NO,NO,N00033932,Chris Stewart (R),R,UT02,W,56.10%,"$497,711",363,"$446,711","$15,000","$8,000","$28,000",$0,"$900,522","$382,213",$0,"$351,419","$30,793","$800,277"
NO,NO,N00030752,Jeff Duncan (R),R,SC03,W,67.80%,"$504,561",338,"$444,731","$2,500","$37,330","$20,000",$0,"$825,165","$317,694",$0,"$218,461","$99,232","$635,732"
NO,NO,N00024817,Doug Jones (D),D,ALS1,,,"$817,452",377,"$442,250","$149,000","$68,731","$156,471","$1,000","$24,436,459","$24,051,138",$0,"$10,366,283","$13,684,853","$22,271,410"
NO,NO,N00034349,Filemon Vela (D),D,TX34,W,60.00%,"$561,243",352,"$440,650","$98,500","$9,393","$12,700",$0,"$1,014,611","$419,954",$0,"$415,990","$3,964","$626,843"
NO,NO,N00005195,Roy Blunt (R),R,MOS1,,,"$469,150",275,"$438,650","$23,500","$5,500",$0,"$1,500","$16,234,932","$9,616,306",$0,"$9,263,896","$552,415","$15,598,876"
NO,NO,N00037515,Tom O'Halleran (D),D,AZ01,W,53.80%,"$985,777",622,"$437,727","$195,000","$145,250","$207,300",$500,"$2,371,428","$1,389,078",$0,"$1,196,778","$192,300","$1,985,598"
NO,NO,N00006690,Maxine Waters (D),D,CA43,W,76.40%,"$537,351",252,"$436,590","$71,000","$19,261","$10,500",$0,"$1,307,107","$515,847",$0,"$446,998","$68,848","$886,869"
NO,NO,N00033640,Hakeem Jeffries (D),D,NY08,W,94.10%,"$631,016",370,"$436,000","$166,917","$27,099","$1,000",$0,"$1,590,774","$822,643",$0,"$800,929","$21,715","$1,286,910"
NO,NO,N00035516,David Perdue (R),R,GAS1,,,"$466,050",261,"$434,150","$7,000","$8,500","$15,400","$1,000","$16,430,111","$9,270,318","$3,905,127","$8,817,302","$453,015","$15,231,145"
NO,NO,N00029147,Andy Harris (R),R,MD01,W,60.00%,"$518,567",314,"$432,917","$18,500","$27,250","$39,900",$0,"$1,541,412","$1,017,056",$0,"$857,429","$159,627","$1,183,657"
NO,NO,N00025482,Dutch Ruppersberger (D),D,MD02,W,66.00%,"$549,199",358,"$431,850","$109,250","$8,099",$0,$0,"$941,989","$291,416",$0,"$257,991","$33,425","$836,773"
NO,NO,N00036409,Glenn S Grothman (R),R,WI06,W,55.50%,"$598,866",408,"$430,016","$13,000","$58,650","$93,200","$4,000","$1,840,827","$1,193,359","$30,000","$1,016,926","$176,433","$1,237,394"
NO,NO,N00042353,Tina Smith (D),D,MNS1,W,53.00%,"$968,281",386,"$428,450","$176,500","$82,631","$280,700",$0,"$8,187,412","$6,474,639","$5,400","$4,036,135","$2,438,503","$7,258,681"
NO,YES,N00027533,Sheldon Whitehouse (D),D,RIS1,W,61.40%,"$967,546",516,"$421,142","$167,300","$93,724","$282,880","$2,500","$6,419,135","$4,855,720",$0,"$4,602,744","$252,971","$5,188,817"
NO,NO,N00030602,Roger Williams (R),R,TX25,W,53.60%,"$438,702",242,"$418,952","$2,250","$4,500","$11,000","$2,000","$1,524,304","$293,797",$0,"$286,635","$7,162","$1,423,253"
NO,NO,N00007335,Anna Eshoo (D),D,CA18,W,72.60%,"$493,980",307,"$415,480","$68,000","$8,000","$2,500",$0,"$1,326,275","$811,049",$0,"$758,176","$52,873","$1,147,886"
YES,NO,N00004614,Kevin Cramer (R),R,NDS2,W,55.40%,"$731,100",258,"$409,900","$1,000","$54,200","$266,000",$0,"$5,531,588","$3,451,705",$0,"$2,994,592","$457,113","$4,951,051"
NO,NO,N00030770,Rick Crawford (R),R,AR01,W,69.00%,"$461,688",305,"$407,250","$2,000","$13,157","$39,281",$0,"$973,708","$505,171",$0,"$456,975","$48,196","$765,218"
NO,NO,N00033474,Suzanne Bonamici (D),D,OR01,W,63.70%,"$525,974",359,"$405,446","$101,500","$14,528",$500,"$4,000","$998,548","$473,951",$0,"$380,005","$93,946","$645,156"
NO,NO,N00030815,Chuck Fleischmann (R),R,TN03,W,63.70%,"$482,374",319,"$404,499","$13,000","$18,475","$46,400",$0,"$1,175,408","$685,389",$0,"$678,144","$7,245","$440,676"
NO,NO,N00037422,Darren Soto (D),D,FL09,W,58.00%,"$775,369",482,"$403,611","$146,500","$119,857","$104,401","$1,000","$1,409,422","$586,687",$0,"$556,149","$30,538","$1,352,694"
NO,NO,N00025280,Tim Ryan (D),D,OH13,W,60.80%,"$626,977",349,"$403,452","$202,000","$17,525","$3,000","$1,000","$1,481,019","$834,661",$0,"$711,155","$123,505","$1,465,381"
NO,NO,N00035215,Robin Kelly (D),D,IL02,W,81.10%,"$593,375",381,"$402,850","$153,000","$20,025","$17,500",$0,"$880,833","$291,653",$0,"$229,677","$61,976","$839,965"
NO,NO,N00038285,Jodey Arrington (R),R,TX19,W,75.30%,"$456,086",315,"$401,652","$2,000","$12,934","$38,500","$1,000","$1,209,959","$764,638",$0,"$739,647","$24,991","$884,874"
NO,NO,N00007833,Adam Smith (D),D,WA09,W,67.90%,"$527,746",269,"$400,954","$91,292","$16,500","$19,000",$0,"$1,271,607","$574,206",$0,"$539,343","$34,863","$1,414,188"
NO,NO,N00031177,Mark Amodei (R),R,NV02,W,58.20%,"$472,795",260,"$398,395","$9,500","$20,000","$44,900",$0,"$1,148,063","$630,917",$0,"$620,525","$10,392","$926,765"
NO,NO,N00037442,Neal Dunn (R),R,FL02,W,67.50%,"$458,883",300,"$395,199",$0,"$24,184","$38,500","$1,000","$1,293,720","$828,062",$0,"$796,120","$31,942","$899,406"
NO,NO,N00035504,Liz Cheney (R),R,WY01,W,63.70%,"$446,183",272,"$394,499","$2,000","$22,184","$27,500",$0,"$822,296","$318,455",$0,"$310,069","$8,386","$636,518"
NO,NO,N00026961,Yvette D Clarke (D),D,NY09,W,89.30%,"$583,352",389,"$392,642","$125,500","$21,510","$42,700","$1,000","$1,006,011","$410,267",$0,"$337,800","$72,467","$966,067"
NO,NO,N00029277,Gary Peters (D),D,MIS1,,,"$420,006",275,"$388,756","$28,000","$1,500","$1,000",$750,"$12,046,355","$8,794,761",$0,"$6,906,191","$1,888,562","$11,067,670"
NO,NO,N00035307,Brendan Boyle (D),D,PA02,W,79.00%,"$678,967",398,"$388,279","$195,500","$59,988","$35,200",$0,"$1,076,528","$321,760",$0,"$301,954","$19,806","$938,197"
NO,NO,N00031958,Steven Palazzo (R),R,MS04,W,68.20%,"$452,600",300,"$386,700","$2,000","$14,500","$48,400","$1,000","$706,028","$201,428",$0,"$198,292","$3,136","$582,529"
NO,NO,N00030581,Mike Quigley (D),D,IL05,W,76.70%,"$525,769",337,"$385,700","$98,334","$24,235","$14,500","$3,000","$1,264,224","$626,062",$0,"$587,646","$38,416","$1,184,229"
NO,NO,N00005285,Pat Roberts (R),R,KSS1,,,"$391,766",261,"$384,766","$1,000",$0,"$5,000","$1,000","$7,588,742","$3,574,925","$46,294","$3,278,315","$296,608","$8,241,539"
NO,NO,N00030490,Marcia L Fudge (D),D,OH11,W,81.90%,"$586,925",336,"$380,750","$165,750","$10,425","$20,000","$10,000","$763,186","$153,215",$0,"$139,550","$13,665","$590,868"
NO,NO,N00036274,Paul Mitchell (R),R,MI10,W,60.30%,"$443,090",289,"$380,590","$15,500","$16,500","$30,500",$0,"$711,275","$239,773","$9,018","$231,008","$8,765","$690,837"
NO,NO,N00002577,John Lewis (D),D,GA05,W,100.00%,"$525,525",300,"$380,297","$116,000","$15,228","$12,000","$2,000","$3,227,050","$2,856,157",$0,"$1,144,736","$1,711,421","$1,620,802"
YES,NO,N00041620,Josh Hawley (R),R,MOS2,W,51.50%,"$900,767",251,"$376,700","$5,000","$105,367","$413,700",$0,"$10,162,603","$7,899,668",$0,"$6,795,008","$1,104,660","$7,317,669"
NO,NO,N00035927,Kathleen Rice (D),D,NY04,W,61.00%,"$443,199",250,"$374,250","$42,500","$17,949","$8,500",$0,"$1,302,986","$722,680",$0,"$638,692","$83,988","$1,397,794"
NO,YES,N00027658,Kirsten Gillibrand (D),D,NYS1,W,66.50%,"$810,018",359,"$370,158","$97,000","$68,160","$274,700",$0,"$19,963,828","$18,336,061",$0,"$11,909,673","$6,426,380","$11,293,189"
NO,NO,N00034254,Julia Brownley (D),D,CA26,W,60.10%,"$771,949",470,"$369,249","$222,500","$98,000","$81,200","$1,000","$2,448,858","$1,530,597",$0,"$1,288,258","$242,339","$1,579,757"
NO,NO,N00000179,James P McGovern (D),D,MA02,W,67.20%,"$573,044",311,"$369,173","$173,000","$17,718","$11,153","$2,000","$1,078,558","$502,809",$0,"$297,698","$205,112","$982,794"
NO,NO,N00033316,Joaquin Castro (D),D,TX20,W,80.90%,"$512,711",317,"$368,186","$124,000","$19,525","$1,000",$0,"$893,640","$386,891",$0,"$310,391","$76,500","$803,917"
NO,NO,N00035278,Katherine Clark (D),D,MA05,W,75.80%,"$557,878",340,"$367,270","$158,000","$16,608","$16,000",$0,"$1,155,138","$744,224",$0,"$678,138","$66,086","$897,494"
NO,NO,N00034128,Matt Cartwright (D),D,PA08,W,54.60%,"$982,549",578,"$365,500","$308,000","$150,236","$156,813","$2,000","$2,248,515","$1,234,756",$0,"$1,130,877","$103,879","$1,962,910"
NO,NO,N00024842,Joe Courtney (D),D,CT02,W,62.10%,"$578,450",311,"$359,950","$203,000","$5,000","$9,500","$1,000","$1,043,337","$442,205",$0,"$340,964","$101,241","$840,592"
NO,NO,N00030856,John Garamendi (D),D,CA03,W,57.30%,"$647,570",435,"$359,763","$263,667","$12,140","$11,000","$1,000","$1,034,579","$374,763",$0,"$322,077","$52,686","$769,826"
NO,NO,N00028133,Douglas L Lamborn (R),R,CO05,W,57.00%,"$450,000",287,"$358,950","$1,000","$45,050","$45,000",$0,"$669,186","$219,036",$0,"$206,226","$12,810","$752,917"
NO,NO,N00037185,Jim Banks (R),R,IN03,W,64.70%,"$423,033",312,"$357,533","$1,000","$21,750","$42,750",$0,"$921,573","$428,773",$0,"$346,962","$81,811","$978,355"
NO,NO,N00038260,James Comer (R),R,KY01,W,68.60%,"$410,154",285,"$356,970","$8,000","$10,684","$33,500","$1,000","$687,121","$260,138",$0,"$253,902","$6,236","$337,131"
NO,NO,N00033987,Doug LaMalfa (R),R,CA01,W,55.20%,"$414,854",244,"$353,529","$13,625","$13,000","$34,700",$0,"$923,222","$511,290",$0,"$489,237","$22,053","$779,895"
NO,NO,N00000491,Susan Collins (R),R,MES2,,,"$394,744",297,"$353,250","$11,500","$23,994","$5,000","$1,000","$6,394,919","$3,519,759",$0,"$3,349,915","$169,844","$5,922,385"
NO,YES,N00033549,Mark Pocan (D),D,WI02,W,97.40%,"$595,450",372,"$350,200","$219,500","$22,250","$3,500",$0,"$1,005,193","$406,834",$0,"$254,559","$152,274","$821,269"
NO,NO,N00026050,Lisa Murkowski (R),R,AKS2,,,"$392,816",249,"$347,116","$39,500","$6,200",$0,$0,"$6,085,870","$3,236,702",$0,"$3,131,696","$104,806","$6,912,471"
NO,NO,N00036633,Ralph Abraham (R),R,LA05,W,66.50%,"$411,450",287,"$346,950","$20,000","$13,000","$30,500","$1,000","$807,315","$471,564",$0,"$460,989","$10,575","$845,171"
NO,NO,N00026823,John Kennedy (R),R,LAS2,,,"$358,567",242,"$345,567","$9,000","$3,000",$0,"$1,000","$8,968,314","$7,541,571",$0,"$7,297,089","$244,481","$5,903,178"
NO,NO,N00039533,John Bergman (R),R,MI01,W,56.30%,"$584,668",366,"$345,205","$22,500","$61,000","$155,963",$0,"$1,265,717","$623,496",$0,"$576,450","$47,046","$1,099,931"
NO,NO,N00005582,James M Inhofe (R),R,OKS2,,,"$364,540",245,"$344,040","$9,500","$10,000","$1,000",$0,"$4,469,950","$2,481,312",$0,"$2,003,281","$478,027","$4,620,138"
NO,NO,N00033720,Richard W Allen (R),R,GA12,W,59.50%,"$399,000",238,"$343,250","$7,500","$14,250","$32,000","$2,000","$1,026,342","$628,242",$0,"$573,672","$54,570","$918,336"
NO,NO,N00033449,Val Demings (D),D,FL10,W,100.00%,"$551,619",359,"$338,271","$153,500","$24,348","$34,500","$1,000","$779,334","$242,709",$0,"$213,166","$29,543","$785,433"
NO,NO,N00033631,Mark R Meadows (R),R,NC11,W,59.20%,"$443,300",289,"$334,800","$49,000","$43,850","$15,650",$0,"$1,643,847","$1,288,306",$0,"$780,064","$508,242","$945,902"
NO,NO,N00003522,Marcy Kaptur (D),D,OH09,W,67.60%,"$561,626",318,"$331,500","$216,500","$9,626","$2,000","$2,000","$769,751","$182,697",$0,"$153,925","$28,772","$658,102"
NO,NO,N00000939,Jerrold Nadler (D),D,NY10,W,81.20%,"$505,033",264,"$329,509","$160,700","$7,324","$7,500",$0,"$1,456,810","$795,772",$0,"$673,360","$122,412","$1,483,760"
NO,NO,N00009771,Shelley Moore Capito (R),R,WVS2,,,"$356,500",256,"$329,500","$22,500","$2,500","$1,000","$1,000","$8,384,110","$5,113,388",$0,"$4,737,016","$376,369","$9,412,891"
YES,NO,N00043207,Joseph D Morelle (D),D,NY25,W,58.60%,"$648,891",247,"$327,125","$189,950","$54,599","$60,700","$16,517","$1,586,847","$893,441",$0,"$815,195","$78,246","$1,353,047"
NO,NO,N00038767,Warren Davidson (R),R,OH08,W,66.80%,"$375,933",252,"$324,298",$0,"$11,500","$40,135",$0,"$673,488","$281,519",$0,"$239,910","$41,609","$467,735"
NO,NO,N00006897,Brad Sherman (D),D,CA30,W,72.50%,"$442,250",253,"$322,250","$111,500","$8,500",$0,$0,"$1,198,205","$645,239",$0,"$616,540","$28,699","$503,317"
NO,NO,N00030600,Judy Chu (D),D,CA27,W,79.30%,"$493,175",314,"$322,050","$154,200","$14,925","$2,000",$0,"$1,311,610","$772,887",$0,"$717,080","$55,807","$812,392"
NO,NO,N00038742,Tom Suozzi (D),D,NY03,W,58.40%,"$702,252",457,"$321,603","$207,550","$76,599","$96,500",$0,"$2,582,642","$1,769,942",$0,"$1,699,927","$70,015","$1,062,448"
NO,NO,N00031005,Vicky Hartzler (R),R,MO04,W,64.70%,"$381,500",274,"$321,000","$2,000","$21,000","$36,500","$1,000","$1,143,425","$698,769",$0,"$519,418","$179,351","$882,470"
NO,NO,N00037003,Trent Kelly (R),R,MS01,W,66.90%,"$355,643",234,"$320,486",$0,"$9,657","$25,500",$0,"$871,175","$440,895",$0,"$395,673","$45,222","$830,872"
NO,NO,N00034224,Paul Cook (R),R,CA08,W,60.30%,"$633,350",353,"$319,750","$176,500","$42,600","$94,500",$0,"$909,303","$282,637",$0,"$272,428","$10,210","$1,044,063"
NO,NO,N00025175,Michael R Turner (R),R,OH10,W,56.20%,"$476,650",282,"$319,650","$71,000","$43,000","$41,000","$2,000","$1,145,485","$580,694",$0,"$543,477","$37,217","$1,117,202"
NO,NO,N00001024,Nita M Lowey (D),D,NY17,W,87.90%,"$463,576",265,"$318,400","$100,000","$43,176","$2,000",$0,"$1,453,507","$1,003,883",$0,"$960,509","$43,374","$1,182,125"
NO,NO,N00012460,William L Clay Jr. (D),D,MO01,W,80.10%,"$471,500",295,"$317,000","$118,000","$21,000","$14,500","$1,000","$656,572","$83,229",$0,"$79,058","$4,171","$692,767"
NO,NO,N00039106,Mike Johnson (R),R,LA04,W,64.20%,"$394,899",263,"$315,499","$8,000","$29,900","$40,500","$1,000","$1,142,587","$682,837",$0,"$654,267","$28,570","$750,305"
NO,NO,N00002593,Johnny Isakson (R),R,GAS2,,,"$320,000",225,"$311,000","$7,000","$2,000",$0,$0,"$10,678,195","$6,723,748",$0,"$6,396,094","$327,654","$11,004,581"
NO,NO,N00039777,John Rutherford (R),R,FL04,W,65.20%,"$358,658",225,"$307,499","$9,500","$15,159","$26,500",$0,"$805,304","$464,645",$0,"$457,330","$7,315","$421,492"
NO,NO,N00009975,Lindsey Graham (R),R,SCS2,,,"$337,300",175,"$305,000","$6,200","$10,100","$16,000",$0,"$10,773,792","$8,029,729",$0,"$7,772,787","$256,938","$10,680,266"
NO,NO,N00027514,Kathy Castor (D),D,FL14,W,100.00%,"$365,867",235,"$304,867","$51,000","$9,000",$0,"$1,000","$717,143","$349,077",$0,"$293,973","$55,104","$626,401"
NO,NO,N00029662,Bill Posey (R),R,FL08,W,60.50%,"$326,639",201,"$304,609","$3,500","$12,500","$6,030",$0,"$875,910","$548,503",$0,"$494,976","$53,527","$774,828"
NO,NO,N00007724,Ron Wyden (D),D,ORS2,,,"$306,160",187,"$303,660","$1,500","$1,000",$0,$0,"$13,496,207","$8,344,871",$0,"$7,065,356","$1,279,512","$10,754,483"
NO,NO,N00036999,Anthony Brown (D),D,MD04,W,78.10%,"$501,064",369,"$302,632","$136,833","$36,599","$25,000",$0,"$787,671","$279,838",$0,"$264,654","$15,184","$465,907"
NO,NO,N00007999,Don Young (R),R,AK01,W,53.10%,"$478,911",277,"$300,411","$130,500","$13,000","$34,000","$1,000","$1,035,679","$555,031",$0,"$513,967","$41,064","$1,154,241"
NO,NO,N00040597,Jimmy Gomez (D),D,CA34,W,73.40%,"$679,016",339,"$300,369","$267,400","$75,747","$35,500",$0,"$1,459,745","$722,938","$5,000","$666,392","$56,546","$1,318,832"
NO,NO,N00029513,Andre Carson (D),D,IN07,W,64.90%,"$495,975",280,"$300,200","$173,000","$17,275","$2,500","$3,000","$938,115","$424,227",$0,"$391,010","$33,216","$881,817"
NO,NO,N00032546,Ron Johnson (R),R,WIS2,,,"$341,000",227,"$300,000","$24,000","$1,000","$16,000",$0,"$20,234,190","$17,361,756",$0,"$14,192,052","$3,169,698","$19,826,699"
NO,NO,N00007479,Zoe Lofgren (D),D,CA19,W,72.90%,"$368,711",221,"$291,011","$57,700","$5,500","$15,000",-$500,"$1,564,430","$945,638",$0,"$912,903","$32,735","$1,688,454"
NO,NO,N00030612,Marco Rubio (R),R,FLS2,,,"$310,150",247,"$286,750","$18,000","$3,600","$1,800",$0,"$22,259,426","$16,273,234",$0,"$11,652,306","$4,620,926","$19,736,016"
NO,NO,N00002260,David Price (D),D,NC04,W,72.30%,"$447,983",272,"$284,258","$149,500","$9,725","$2,500","$2,000","$850,934","$403,984",$0,"$329,480","$74,504","$846,346"
NO,NO,N00001971,Elijah E Cummings (D),D,MD07,W,76.40%,"$513,499",304,"$282,900","$218,500","$10,099","$2,000",$0,"$1,037,812","$423,491",$0,"$335,338","$88,153","$1,086,386"
NO,NO,N00026631,Jeff Fortenberry (R),R,NE01,W,60.50%,"$353,150",240,"$279,500","$23,000","$28,000","$22,650",$0,"$722,775","$358,713",$0,"$333,940","$24,773","$419,857"
NO,NO,N00000615,Rosa L DeLauro (D),D,CT03,W,64.40%,"$557,245",316,"$278,045","$223,700","$38,500","$8,500","$8,500","$1,199,923","$644,953",$0,"$530,174","$114,779","$1,134,292"
YES,NO,N00042868,Kelly Armstrong (R),R,ND01,W,60.30%,"$373,799",155,"$277,399",$0,"$16,500","$78,900","$1,000","$1,630,497","$936,169","$301,683","$874,268","$61,902","$1,434,280"
NO,NO,N00029258,Duncan D Hunter (R),R,CA50,W,53.00%,"$449,851",261,"$277,035","$54,166","$22,750","$95,900",$0,"$1,081,111","$588,103",$0,"$513,076","$75,027","$1,594,911"
NO,NO,N00035187,Mike Rounds (R),R,SDS2,,,"$293,098",179,"$275,348","$7,000",$750,"$10,000",$0,"$5,809,349","$3,706,286","$9,599","$3,459,567","$246,717","$5,841,969"
NO,NO,N00035825,Ted Lieu (D),D,CA33,W,69.20%,"$402,300",256,"$275,050","$92,000","$27,250","$7,000","$1,000","$1,681,094","$1,234,286",$0,"$1,141,630","$92,655","$912,599"
NO,NO,N00004884,Danny K Davis (D),D,IL07,W,87.60%,"$393,875",251,"$274,350","$99,000","$12,025","$8,500",$0,"$430,014","$44,257",$0,"$35,464","$8,793","$547,265"
NO,NO,N00001193,Pete King (R),R,NY02,W,53.30%,"$458,008",272,"$273,208","$159,500","$15,800","$8,500","$1,000","$1,165,952","$706,508",$0,"$613,084","$93,424","$1,556,278"
NO,NO,N00012942,Betty McCollum (D),D,MN04,W,66.00%,"$417,330",257,"$272,630","$111,000","$15,000","$8,700","$10,000","$859,249","$408,849",$0,"$324,875","$83,974","$865,058"
NO,NO,N00026106,Debbie Wasserman Schultz (D),D,FL23,W,58.50%,"$433,161",219,"$272,161","$112,500","$38,000","$9,500","$1,000","$1,973,238","$1,398,215",$0,"$1,047,812","$350,404","$1,577,915"
NO,NO,N00009585,Adam Schiff (D),D,CA28,W,77.40%,"$407,963",256,"$271,250","$105,505","$28,500","$3,208",-$500,"$5,888,640","$4,670,249",$0,"$2,876,196","$1,794,053","$3,422,854"
NO,NO,N00036097,Ruben Gallego (D),D,AZ07,W,85.70%,"$474,790",291,"$266,990","$137,500","$59,000","$10,300","$1,000","$971,220","$447,069",$0,"$346,506","$100,563","$870,142"
NO,NO,N00009724,Jim Langevin (D),D,RI02,W,63.50%,"$469,361",308,"$266,611","$175,750","$11,000","$16,000",$0,"$1,049,378","$567,476",$300,"$539,443","$28,032","$663,283"
NO,NO,N00033054,Steven Daines (R),R,MTS2,,,"$289,733",196,"$265,196","$11,000","$6,500","$7,037",$0,"$8,477,944","$5,049,003",$0,"$4,099,694","$949,303","$7,368,372"
NO,NO,N00034120,Scott Perry (R),R,PA10,W,51.30%,"$341,599",223,"$264,849","$6,000","$23,750","$47,000",$0,"$1,173,664","$705,408","$10,000","$540,517","$164,891","$934,237"
NO,NO,N00001003,Eliot L Engel (D),D,NY16,W,0.00%,"$409,581",268,"$264,750","$84,500","$46,331","$13,000","$1,000","$1,451,958","$1,028,677",$0,"$1,022,558","$6,119","$1,927,576"
NO,NO,N00030642,Al Lawson (D),D,FL05,W,66.80%,"$375,924",214,"$263,924","$64,500","$20,500","$27,000",$0,"$580,438","$204,138",$0,"$178,519","$25,619","$563,097"
NO,NO,N00037015,Salud Carbajal (D),D,CA24,W,56.60%,"$716,824",455,"$263,885","$140,500","$159,238","$153,201",$0,"$2,633,764","$1,890,967",$0,"$1,747,283","$143,683","$1,498,581"
NO,NO,N00041221,John Curtis (R),R,UT03,W,67.50%,"$422,950",189,"$263,750","$2,000","$47,500","$109,700",$0,"$1,512,374","$982,235","$25,000","$925,460","$56,775","$1,332,565"
NO,NO,N00034068,Brenda Lawrence (D),D,MI14,W,80.90%,"$491,672",321,"$263,373","$202,999","$13,300","$9,500","$2,500","$797,926","$236,862",$0,"$196,976","$39,886","$472,948"
NO,NO,N00027848,Hank Johnson (D),D,GA04,W,78.80%,"$427,277",264,"$262,999","$144,500","$10,778","$7,500","$1,500","$460,415","$37,265",$0,"$33,175","$4,090","$404,046"
NO,NO,N00035451,Alma Adams (D),D,NC12,W,72.00%,"$405,202",270,"$260,177","$99,000","$28,025","$17,000","$1,000","$522,988","$129,513",$0,"$106,741","$22,772","$471,865"
NO,NO,N00002893,Lois J Frankel (D),D,FL21,W,100.00%,"$448,618",253,"$260,118","$171,500","$17,000",$0,$0,"$925,861","$478,664",$0,"$415,145","$63,519","$765,302"
NO,NO,N00030829,Kenneth R Buck (R),R,CO04,W,60.60%,"$301,430",190,"$259,400","$4,000","$12,500","$25,530",$0,"$576,112","$295,722",$0,"$277,015","$18,707","$585,326"
NO,NO,N00040733,Greg Gianforte (R),R,MT01,W,51.10%,"$439,054",242,"$257,000","$22,000","$46,054","$114,000",$0,"$9,276,778","$6,169,559","$2,500,000","$4,950,278","$1,219,281","$8,632,559"
NO,NO,N00035544,Ben Sasse (R),R,NES2,,,"$267,872",213,"$256,872","$2,000","$4,000","$5,000",$0,"$8,204,576","$5,932,616","$113,000","$4,610,868","$1,321,743","$7,059,010"
NO,NO,N00027894,Jim Jordan (R),R,OH04,W,65.40%,"$313,235",204,"$254,385","$8,000","$39,700","$11,150",$0,"$790,555","$511,432",$0,"$415,557","$95,875","$1,128,674"
NO,NO,N00030670,Todd Young (R),R,INS2,,,"$271,150",173,"$253,400","$1,250","$2,500","$10,000","$4,000","$11,050,619","$7,624,182",$0,"$6,382,612","$526,131","$11,539,177"
YES,NO,N00041956,Greg Pence (R),R,IN06,W,63.80%,"$376,250",155,"$253,200",$0,"$54,150","$68,900",$0,"$2,463,333","$1,937,446",$0,"$1,437,502","$499,943","$2,064,992"
NO,NO,N00031933,Bill Keating (D),D,MA09,W,59.30%,"$506,010",277,"$251,760","$196,250","$21,500","$36,500",$0,"$1,165,316","$559,979",$0,"$439,931","$120,048","$453,653"
NO,NO,N00039293,Andy Biggs (R),R,AZ05,W,59.40%,"$290,999",237,"$250,999","$8,500","$14,000","$17,500",$0,"$586,651","$320,491",$0,"$303,737","$16,754","$352,602"
NO,NO,N00039327,Donald McEachin (D),D,VA04,W,62.60%,"$377,829",249,"$250,730","$83,500","$19,599","$24,000",$0,"$815,324","$365,992",$0,"$329,053","$36,939","$822,859"
NO,NO,N00033363,Tom Cotton (R),R,ARS1,,,"$268,780",166,"$250,380",$0,"$12,000","$6,400",$0,"$17,199,479","$12,518,749",$0,"$9,332,709","$3,186,037","$15,507,963"
NO,NO,N00005282,Jerry Moran (R),R,KSS2,,,"$276,450",168,"$249,950","$14,000","$1,500","$10,000","$1,000","$6,447,765","$2,995,946",$0,"$2,824,673","$171,271","$5,403,307"
NO,NO,N00031777,Tom Marino (R),R,PA12,W,66.00%,"$326,411",190,"$249,911","$14,500","$17,500","$44,500",$0,"$745,050","$330,151",$0,"$321,340","$8,811","$762,459"
NO,NO,N00007876,Patty Murray (D),D,WAS2,,,"$298,910",165,"$249,250","$45,010","$1,650",$0,"$3,000","$14,350,374","$9,758,759",$0,"$7,584,135","$2,174,616","$11,916,905"
NO,NO,N00035691,Gary Palmer (R),R,AL06,W,69.30%,"$293,849",164,"$248,449","$1,000","$18,900","$25,500",$0,"$1,166,822","$285,210",$0,"$280,080","$5,130","$1,298,453"
YES,NO,N00041871,Guy Reschenthaler (R),R,PA14,W,58.00%,"$417,051",184,"$247,900","$74,500","$41,500","$53,151",$0,"$894,651","$458,729",$0,"$330,295","$128,434","$779,746"
NO,NO,N00039503,Matt Gaetz (R),R,FL01,W,67.10%,"$276,499",203,"$243,499","$1,000","$16,500","$15,500",$0,"$1,081,540","$822,715",$0,"$721,732","$100,983","$920,912"
NO,NO,N00003132,Jim Cooper (D),D,TN05,W,67.90%,"$291,558",205,"$242,558","$31,250","$17,250",$500,$0,"$521,586","$200,415",$0,"$185,835","$14,580","$712,807"
NO,NO,N00042056,Debbie Lesko (R),R,AZ08,W,55.60%,"$471,735",215,"$241,150","$11,000","$69,020","$148,065","$2,500","$1,901,338","$1,329,750","$26,704","$830,255","$499,494","$1,536,926"
NO,NO,N00035774,Dan Sullivan (R),R,AKS1,,,"$280,502",160,"$240,252","$14,500","$10,750","$15,000",$0,"$9,235,219","$6,801,810",$600,"$6,362,473","$439,336","$8,451,849"
NO,NO,N00031877,Karen Bass (D),D,CA37,W,88.70%,"$329,847",217,"$233,347","$78,200","$10,300","$7,000","$1,000","$790,344","$462,936",$0,"$411,105","$51,832","$732,976"
NO,NO,N00035483,Joni Ernst (R),R,IAS2,,,"$240,000",172,"$232,500","$2,000",$500,"$5,000",$0,"$14,467,116","$10,739,613","$2,600","$7,927,042","$2,814,570","$13,165,844"
NO,NO,N00028138,Brian Schatz (D),D,HIS1,,,"$268,700",191,"$230,700","$34,500","$3,500",$0,$0,"$10,740,411","$7,544,641",$0,"$6,996,724","$547,702","$8,111,088"
NO,NO,N00037019,Nanette Barragan (D),D,CA44,W,69.50%,"$503,133",328,"$228,983","$166,500","$60,950","$46,700",$0,"$1,440,655","$925,509",$0,"$793,628","$131,881","$805,859"
NO,NO,N00028073,John A Yarmuth (D),D,KY03,W,62.10%,"$387,005",205,"$228,477","$141,000","$15,528","$1,000","$1,000","$833,090","$420,066",$0,"$347,562","$72,504","$644,807"
NO,NO,N00033539,Randy Weber (R),R,TX14,W,59.30%,"$264,307",178,"$227,727","$3,500","$9,550","$23,530",$0,"$692,907","$422,970",$0,"$405,475","$17,495","$590,632"
NO,NO,N00031129,James Lankford (R),R,OKS1,,,"$254,900",206,"$226,900","$21,000","$3,000","$3,000","$1,000","$7,808,220","$5,376,487",$0,"$4,728,637","$647,846","$7,520,146"
YES,NO,N00041731,Mike Braun (R),R,INS1,W,50.70%,"$540,116",154,"$226,266",$0,"$66,850","$247,000",$0,"$16,148,137","$5,288,367","$9,614,377","$4,489,612","$798,754","$14,760,273"
NO,NO,N00009888,Lamar Alexander (R),R,TNS2,,,"$239,700",150,"$226,200","$2,500","-$2,000","$10,000","$3,000","$7,974,717","$4,785,170","$5,200","$4,659,799","$125,371","$8,637,124"
YES,NO,N00040829,Kevin Hern (R),R,OK01,W,59.30%,"$291,000",112,"$224,500",$0,"$9,000","$57,500",$0,"$2,701,547","$972,064","$777,700","$943,481","$28,583","$2,539,086"
YES,NO,N00027709,Van Taylor (R),R,TX03,W,54.30%,"$311,950",143,"$222,000",$0,"$19,250","$70,700",$0,"$3,404,572","$980,446","$2,136,908","$942,463","$37,983","$1,647,740"
NO,NO,N00031317,Ted Deutch (D),D,FL22,W,62.00%,"$341,950",179,"$221,000","$59,000","$56,950","$4,000","$1,000","$1,183,543","$865,293",$0,"$830,393","$34,901","$994,896"
NO,NO,N00034639,Donald M Payne Jr. (D),D,NJ10,W,0.00%,"$377,484",256,"$220,834","$141,600","$10,050","$5,000",$0,"$537,180","$97,542",$0,"$92,375","$5,167","$553,190"
NO,NO,N00033274,Alan Lowenthal (D),D,CA47,W,63.60%,"$418,133",276,"$220,300","$184,833","$13,000",$0,$0,"$680,471","$257,410",$0,"$223,382","$34,028","$524,907"
NO,NO,N00033220,Ted Yoho (R),R,FL03,W,57.60%,"$269,500",154,"$220,000","$2,000","$22,500","$22,000","$3,000","$800,406","$549,140",$0,"$508,928","$40,211","$578,601"
NO,NO,N00027783,Ralph Norman (R),R,SC05,W,57.00%,"$338,700",171,"$218,000","$2,000","$32,500","$86,200",$0,"$2,491,274","$1,509,174","$595,000","$1,338,988","$170,186","$1,704,895"
NO,NO,N00038450,Dwight Evans (D),D,PA03,W,93.40%,"$379,626",224,"$214,318","$136,000","$10,308","$19,000",$0,"$1,069,069","$683,293",$0,"$614,939","$68,354","$1,051,140"
NO,NO,N00024790,Jeanne Shaheen (D),D,NHS2,,,"$235,950",164,"$210,950","$23,750",$250,"$1,000",$0,"$16,459,780","$13,298,342",$0,"$8,768,679","$4,529,655","$16,481,434"
NO,NO,N00000270,Ed Markey (D),D,MAS2,,,"$268,490",161,"$210,290","$54,200","$4,000",$0,$0,"$20,860,124","$17,351,211",$0,"$13,684,689","$3,666,506","$19,571,271"
NO,NO,N00031688,John Hoeven (R),R,NDS1,,,"$219,197",145,"$209,660","$3,500","$3,000","$2,037","$1,000","$3,852,166","$1,720,594","$100,000","$1,580,261","$140,332","$2,793,107"
NO,NO,N00030191,Dina Titus (D),D,NV01,W,66.20%,"$368,438",187,"$209,546","$146,500","$5,892","$5,500","$1,000","$644,309","$243,117",$0,"$197,907","$45,210","$646,890"
NO,NO,N00034547,Grace Meng (D),D,NY06,W,90.80%,"$349,423",202,"$207,794","$95,000","$36,629","$10,000",$0,"$1,166,461","$826,776",$0,"$783,519","$43,257","$1,297,406"
NO,NO,N00003225,Steve Cohen (D),D,TN09,W,79.90%,"$313,958",211,"$207,250","$89,000","$16,208",$0,"$1,500","$520,917","$157,569",$0,"$151,450","$6,119","$398,835"
NO,NO,N00036107,Norma Torres (D),D,CA35,W,67.60%,"$358,547",222,"$204,031","$114,500","$31,016","$9,000",$0,"$602,194","$236,174",$0,"$224,925","$11,249","$560,336"
NO,NO,N00030910,Mo Brooks (R),R,AL05,W,61.10%,"$267,900",151,"$202,600","$6,000","$27,300","$31,000","$1,000","$1,504,780","$1,216,500",$0,"$851,274","$365,225","$1,981,632"
NO,NO,N00004887,Bobby L Rush (D),D,IL01,W,73.50%,"$268,025",176,"$200,000","$59,000","$2,025","$7,000",$0,"$346,188","$29,688",$0,"$28,875",$813,"$299,877"
NO,NO,N00002884,Alcee L Hastings (D),D,FL20,W,100.00%,"$354,150",195,"$197,500","$70,500","$39,150","$47,000",$0,"$755,766","$380,127",$0,"$356,216","$23,911","$778,813"
NO,NO,N00009604,Susan A Davis (D),D,CA53,W,67.40%,"$239,500",165,"$190,800","$28,000","$14,700","$1,000","$5,000","$389,381","$97,540",$0,"$79,240","$18,300","$447,965"
NO,NO,N00008046,Barbara Lee (D),D,CA13,W,88.40%,"$366,088",191,"$190,700","$139,250","$17,125","$17,013","$2,000","$1,629,539","$1,290,651",$0,"$936,904","$353,747","$1,554,099"
NO,NO,N00030650,Frederica Wilson (D),D,FL24,W,0.00%,"$325,268",216,"$188,816","$119,500","$8,464","$7,488","$1,000","$346,352","$27,487",$0,"$23,050","$4,437","$317,561"
NO,NO,N00029649,Jackie Speier (D),D,CA14,W,77.50%,"$267,129",168,"$186,929","$71,700","$8,500",$0,$0,"$900,870","$604,889",$0,"$574,789","$30,100","$595,550"
NO,NO,N00036158,Bonnie Coleman (D),D,NJ12,W,68.50%,"$413,550",252,"$185,500","$190,800","$16,750","$20,500",$0,"$827,181","$429,239",$0,"$355,972","$73,266","$634,008"
YES,NO,N00041690,Anthony Gonzalez (R),R,OH16,W,56.80%,"$294,500",141,"$181,500","$7,500","$15,500","$90,000",$0,"$1,822,071","$1,257,994","$140,000","$1,203,347","$54,647","$1,441,400"
NO,NO,N00026926,Jerry McNerney (D),D,CA09,W,55.40%,"$319,202",209,"$180,982","$118,270","$17,950",$0,"$2,000","$1,138,623","$736,471",$0,"$621,940","$114,531","$714,048"
YES,NO,N00042282,Sylvia Garcia (D),D,TX29,W,75.10%,"$462,615",192,"$177,807","$161,500","$62,608","$60,700",$0,"$1,089,058","$573,618","$3,130","$518,623","$54,995","$780,923"
NO,NO,N00008122,Eddie Bernice Johnson (D),D,TX30,W,91.10%,"$284,610",171,"$175,900","$78,700","$14,510","$14,500","$1,000","$469,131","$168,510",$0,"$164,950","$3,560","$246,617"
NO,NO,N00004724,Jan Schakowsky (D),D,IL09,W,73.50%,"$388,950",222,"$175,900","$171,800","$37,750","$2,000","$1,500","$1,485,581","$1,099,412",$0,"$855,909","$243,503","$1,357,122"
YES,NO,N00042164,Jeff Van Drew (D),D,NJ02,W,52.30%,"$388,050",156,"$173,950","$117,500","$42,100","$54,000",$500,"$1,664,929","$1,046,744",$0,"$944,041","$102,703","$1,477,917"
NO,NO,N00039953,Clay Higgins (R),R,LA03,W,55.70%,"$260,813",159,"$172,230","$3,500","$20,083","$65,000",$0,"$813,074","$541,474",$0,"$508,188","$33,286","$742,897"
NO,YES,N00032019,David Cicilline (D),D,RI01,W,66.70%,"$368,390",210,"$170,090","$147,500","$29,300","$21,500",$0,"$1,517,757","$1,082,206",$0,"$1,022,644","$59,562","$1,312,147"
NO,NO,N00006023,Lloyd Doggett (D),D,TX35,W,71.20%,"$335,275",179,"$169,150","$153,000","$13,125",$0,$0,"$950,139","$524,997",$0,"$493,373","$31,624","$394,271"
NO,NO,N00033030,Jared Huffman (D),D,CA02,W,74.30%,"$316,773",221,"$168,879","$121,884","$14,010","$10,000","$2,000","$859,892","$529,426",$0,"$451,727","$77,700","$638,750"
NO,NO,N00030771,Paul Gosar (R),R,AZ04,W,68.20%,"$192,425",96,"$168,450",$0,"$6,975","$17,000",$0,"$531,152","$334,397",$0,"$260,279","$74,118","$435,841"
YES,NO,N00040559,Dusty Johnson (R),R,SD01,W,60.30%,"$259,175",132,"$168,175","$3,500","$21,000","$65,500","$1,000","$1,535,797","$1,208,056","$41,757","$1,078,290","$129,766","$1,263,644"
NO,NO,N00027860,Tammy Duckworth (D),D,ILS2,,,"$223,700",163,"$159,250","$52,250","$3,000","$9,200",$0,"$18,404,059","$14,593,063",$0,"$8,445,504","$6,147,550","$17,671,312"
YES,NO,N00042224,Dan Crenshaw (R),R,TX02,W,52.90%,"$271,777",144,"$158,600","$7,500","$30,977","$74,700",$0,"$1,621,035","$1,337,341",$156,"$1,167,995","$169,346","$1,382,008"
NO,NO,N00031820,Chris Coons (D),D,DES2,,,"$161,500",100,"$158,000","$2,500","$1,000",$0,$0,"$5,643,013","$3,434,132","$70,509","$3,168,116","$266,010","$6,036,315"
NO,NO,N00006671,Lucille Roybal-Allard (D),D,CA40,W,77.70%,"$322,300",173,"$157,300","$156,500","$7,000","$1,500",$0,"$498,783","$179,410",$0,"$173,495","$5,915","$487,743"
NO,NO,N00013873,John Boozman (R),R,ARS2,,,"$163,750",90,"$154,750","$7,000","$2,000",$0,$0,"$4,884,421","$2,544,194",$0,"$2,355,232","$188,961","$4,501,572"
NO,NO,N00032243,Jody B Hice (R),R,GA10,W,62.90%,"$183,270",101,"$154,500",$0,"$15,770","$13,000",$0,"$624,688","$439,018",$0,"$417,291","$21,727","$533,609"
NO,NO,N00006789,Grace Napolitano (D),D,CA32,W,67.40%,"$262,000",175,"$154,000","$102,000","$6,000",$0,$0,"$365,336","$85,937",$0,"$83,602","$2,335","$173,085"
YES,NO,N00042715,William Timmons (R),R,SC04,W,59.60%,"$213,450",91,"$153,950",$0,"$18,500","$41,000",$0,"$1,278,207","$394,023","$661,234","$380,232","$13,791","$1,202,829"
NO,NO,N00037161,Catherine Cortez Masto (D),D,NVS2,,,"$172,971",103,"$152,541","$9,500","$6,630","$4,300",$0,"$21,435,995","$18,140,070",$0,"$11,866,462","$7,173,600","$19,809,928"
YES,NO,N00042237,Lance Gooden (R),R,TX05,W,62.40%,"$201,800",89,"$152,300","$2,000","$7,500","$40,000",$0,"$859,489","$570,069",$0,"$556,634","$13,435","$706,256"
NO,NO,N00006863,Tom McClintock (R),R,CA04,W,54.70%,"$194,200",111,"$152,200",$0,"$9,000","$33,000",$0,"$1,603,693","$1,426,558",$0,"$1,040,508","$386,050","$1,458,746"
NO,NO,N00002147,Bobby Scott (D),D,VA03,W,91.20%,"$318,507",160,"$150,158","$143,000","$4,849","$16,500","$4,000","$566,374","$185,515",$0,"$147,397","$38,118","$535,667"
YES,NO,N00029416,Dan Meuser (R),R,PA09,W,59.80%,"$225,525",100,"$150,025","$11,000","$18,500","$46,000",$0,"$1,871,213","$487,347","$1,161,442","$459,810","$27,538","$1,810,564"
NO,NO,N00001758,Chuck Grassley (R),R,IAS1,,,"$148,253",114,"$147,250","$1,000",$3,$0,$0,"$9,789,491","$5,897,778",$0,"$4,672,542","$1,225,233","$10,494,358"
NO,NO,N00004291,F James Sensenbrenner Jr. (R),R,WI05,W,61.90%,"$175,250",108,"$145,500",$0,"$7,250","$21,500","$1,000","$354,375","$167,014","$1,700","$111,660","$55,355","$450,230"
NO,NO,N00002299,Walter B Jones Jr. (R),R,NC03,W,100.00%,"$186,970",127,"$145,000","$22,750","$15,520","$3,700",$0,"$554,843","$357,624","$3,000","$310,780","$46,844","$522,671"
YES,NO,N00043379,Bryan Steil (R),R,WI01,W,54.60%,"$308,100",124,"$144,200",$0,"$48,650","$115,250",$0,"$1,863,642","$1,352,150",$796,"$1,176,834","$175,316","$1,561,459"
YES,NO,N00038734,Jacky Rosen (D),D,NVS1,W,50.40%,"$1,080,994",457,"$142,468","$253,000","$243,325","$440,701","$1,500","$21,247,237","$18,566,537",$0,"$11,882,906","$6,683,628","$20,493,644"
YES,NO,N00042808,Greg Steube (R),R,FL17,W,62.30%,"$208,400",95,"$136,200","$2,500","$29,200","$40,500",$0,"$767,125","$544,725",$0,"$460,160","$84,565","$583,442"
YES,NO,N00040949,Chrissy Houlahan (D),D,PA06,W,58.90%,"$533,868",250,"$133,850","$88,200","$169,287","$142,531",$0,"$4,025,316","$2,902,585","$50,000","$2,440,480","$462,105","$2,355,484"
YES,NO,N00041335,Russ Fulcher (R),R,ID01,W,62.70%,"$217,600",110,"$131,600",$0,"$36,000","$50,000",$0,"$813,088","$593,432",$0,"$552,280","$41,152","$801,816"
NO,NO,N00030709,Mark Desaulnier (D),D,CA11,W,73.20%,"$318,850",200,"$130,850","$176,500","$6,500",$0,"$5,000","$541,777","$224,177",$0,"$174,605","$49,572","$436,452"
YES,NO,N00043242,John Joyce (R),R,PA13,W,70.50%,"$300,676",137,"$130,500","$19,500","$32,944","$117,732",$0,"$1,410,470","$193,560","$906,423","$179,550","$14,010","$1,270,176"
NO,YES,N00035267,Cory Booker (D),D,NJS2,,,"$164,550",110,"$130,250","$18,000","$13,800","$1,000","$1,500","$25,573,114","$20,574,339",$0,"$17,614,819","$2,959,511","$21,448,306"
NO,NO,N00026335,Daniel Webster (R),R,FL11,W,65.20%,"$140,999",97,"$128,999",$0,"$4,500","$7,500",$0,"$567,873","$424,643",$0,"$355,047","$69,596","$440,816"
NO,NO,N00034549,Adriano Espaillat (D),D,NY13,W,94.60%,"$313,188",219,"$128,839","$127,000","$32,349","$24,000","$1,000","$765,539","$432,148",$0,"$411,968","$20,180","$493,845"
NO,NO,N00027523,Albio Sires (D),D,NJ08,W,0.00%,"$273,575",178,"$125,500","$135,100","$10,975","$2,000",$0,"$453,800","$162,367",$0,"$160,522","$1,845","$560,419"
NO,NO,N00004981,Dick Durbin (D),D,ILS1,,,"$160,250",124,"$125,000","$29,000","$6,250",$0,$0,"$10,455,020","$7,525,568",$0,"$5,720,086","$1,805,473","$11,362,564"
NO,NO,N00005818,Sheila Jackson Lee (D),D,TX18,W,75.20%,"$247,275",152,"$117,000","$112,900","$14,375","$2,000","$1,000","$686,423","$445,015",$0,"$438,105","$6,910","$558,165"
NO,NO,N00034041,Thomas Massie (R),R,KY04,W,62.20%,"$120,890",90,"$113,890",$0,"$4,750","$2,250",$0,"$313,399","$161,415",$0,"$146,653","$14,762","$322,695"
YES,NO,N00041702,Veronica Escobar (D),D,TX16,W,68.30%,"$357,501",171,"$112,000","$104,750","$78,051","$62,700",$0,"$1,340,403","$930,038",$0,"$802,328","$127,710","$1,100,363"
NO,NO,N00013855,Stephen F Lynch (D),D,MA08,W,0.00%,"$290,533",146,"$110,700","$155,333","$5,000","$19,500",$0,"$841,011","$529,361",$0,"$485,947","$43,414","$484,718"
NO,NO,N00025237,Steven A. King (R),R,IA04,W,50.40%,"$166,128",112,"$109,918",$0,"$43,710","$12,500",$0,"$736,629","$527,765",$0,"$356,402","$171,364","$686,920"
NO,NO,N00030957,Scott Desjarlais (R),R,TN04,W,63.40%,"$200,350",94,"$108,950",$0,"$16,000","$75,400",$0,"$510,236","$307,785",$0,"$300,404","$7,381","$188,144"
NO,NO,N00000362,Jack Reed (D),D,RIS2,,,"$148,750",112,"$106,500","$40,750","$1,000",$500,$0,"$4,362,820","$2,221,632",$0,"$2,075,776","$145,853","$4,614,304"
YES,NO,N00041511,Pete Stauber (R),R,MN08,W,50.70%,"$291,100",119,"$106,500","$12,500","$33,700","$138,400",$0,"$1,561,954","$1,124,776",$0,"$921,996","$202,780","$1,192,176"
YES,NO,N00031390,Jim Hagedorn (R),R,MN01,W,50.20%,"$273,352",124,"$103,927",$0,"$48,175","$121,250",$0,"$1,355,111","$1,093,077",$0,"$986,212","$106,865","$1,180,515"
NO,NO,N00030608,Michael F Bennet (D),D,COS1,,,"$118,750",84,"$103,000","$11,000",$0,"$2,750","$2,000","$17,474,031","$11,991,638","$7,400","$9,795,640","$1,845,455","$16,272,953"
NO,NO,N00037036,Jamie Raskin (D),D,MD08,W,68.20%,"$268,529",173,"$102,330","$128,500","$27,199","$9,500","$1,000","$1,107,434","$783,591","$2,230","$594,371","$189,221","$810,670"
YES,NO,N00041750,Greg Stanton (D),D,AZ09,W,60.90%,"$331,038",144,"$97,000","$98,500","$76,338","$58,700",$500,"$2,316,397","$1,916,847",$0,"$1,662,680","$254,167","$2,157,566"
YES,NO,N00042268,Chip Roy (R),R,TX21,W,50.30%,"$252,695",122,"$96,300",$0,"$55,350","$101,045",$0,"$1,687,647","$1,429,178","$1,309","$1,214,217","$214,961","$1,216,205"
NO,NO,N00035000,Stacey Plaskett (D),D,VI00,W,98.40%,"$203,389",142,"$93,389","$78,500","$14,500","$17,000",$0,"$339,979","$139,862",$0,"$127,900","$11,962","$311,170"
NO,NO,N00006701,Mark Takano (D),D,CA41,W,61.10%,"$245,400",112,"$90,800","$141,750","$5,450","$6,400","$1,000","$1,015,568","$702,197",$0,"$624,139","$78,058","$881,424"
YES,NO,N00042458,Michael Patrick Guest (R),R,MS03,W,62.30%,"$134,800",49,"$90,200",$0,"$6,900","$37,700",$0,"$863,282","$648,782","$30,000","$611,456","$37,326","$811,288"
YES,NO,N00042240,Ron Wright (R),R,TX06,W,53.10%,"$165,745",83,"$88,745",$0,"$19,500","$57,500",$0,"$574,638","$411,068",$0,"$379,049","$32,018","$511,262"
NO,NO,N00013817,Chellie Pingree (D),D,ME01,W,0.00%,"$264,099",150,"$87,500","$113,000","$31,599","$32,000",$0,"$769,810","$478,228",$0,"$313,042","$165,186","$1,068,186"
YES,NO,N00042296,Ben Cline (R),R,VA06,W,59.70%,"$142,200",58,"$86,700",$0,"$7,500","$48,000",$0,"$832,352","$590,199",$0,"$522,087","$68,112","$641,119"
NO,YES,N00025284,Raul M Grijalva (D),D,AZ03,W,63.90%,"$242,500",137,"$86,000","$130,500","$23,000","$3,000",$0,"$632,548","$390,608",$0,"$219,166","$171,442","$578,179"
YES,NO,N00033638,Steven Horsford (D),D,NV04,W,52.00%,"$451,852",209,"$85,850","$122,500","$128,802","$113,700","$1,000","$1,850,264","$1,082,479","$2,500","$990,842","$91,637","$1,462,012"
NO,NO,N00031696,Mike Lee (R),R,UTS2,,,"$92,300",78,"$84,300","$2,000","$4,000","$2,000",$0,"$6,021,387","$4,686,444",$0,"$3,824,880","$861,559","$5,772,999"
NO,NO,N00006249,Mike Enzi (R),R,WYS2,,,"$84,000",61,"$84,000",$0,$0,$0,$0,"$3,505,084","$1,432,915",$0,"$1,379,214","$50,731","$3,363,083"
NO,NO,N00041882,Michael Cloud (R),R,TX27,W,60.30%,"$166,057",89,"$83,307","$1,000","$30,250","$51,500",$0,"$662,234","$502,727",$0,"$463,913","$38,814","$496,659"
NO,NO,N00001692,Eleanor Holmes Norton (D),D,DC00,W,87.60%,"$261,002",131,"$83,002","$169,000","$8,500",$0,$500,"$415,028","$103,028",$0,"$92,950","$10,078","$459,192"
NO,NO,N00001813,Jose E Serrano (D),D,NY15,W,96.00%,"$168,161",108,"$76,250","$78,250","$3,661","$10,000",$0,"$232,916","$68,353",$0,"$64,779","$3,575","$224,662"
NO,NO,N00009918,Patrick Leahy (D),D,VTS2,,,"$79,600",56,"$74,100","$4,500","$1,000",$0,$0,"$4,819,989","$3,063,784",$0,"$2,897,396","$166,387","$4,750,490"
YES,NO,N00043319,Ross Spano (R),R,FL15,W,53.00%,"$154,200",68,"$73,700","$2,000","$25,500","$53,000",$0,"$581,690","$323,990","$99,500","$305,571","$18,419","$513,254"
NO,NO,N00009816,Chris Smith (R),R,NJ04,W,55.50%,"$315,550",186,"$72,850","$170,500","$42,500","$29,700",$0,"$1,175,192","$806,011",$0,"$608,263","$197,749","$999,174"
YES,NO,N00041542,Carol Miller (R),R,WV03,W,56.40%,"$136,700",50,"$70,500","$2,500","$23,000","$40,700",$0,"$1,568,226","$758,924","$520,400","$725,305","$33,619","$1,292,642"
NO,NO,N00026686,Al Green (D),D,TX09,W,89.10%,"$166,365",103,"$69,590","$82,000","$10,775","$4,000",$0,"$545,427","$375,183",$400,"$365,667","$9,516","$489,403"
NO,NO,N00038397,Maggie Hassan (D),D,NHS1,,,"$86,500",84,"$69,500","$17,000",$0,$0,$0,"$19,623,540","$17,031,375",$0,"$11,128,845","$5,902,521","$19,300,118"
YES,NO,N00041154,Mikie Sherrill (D),D,NJ11,W,56.20%,"$344,320",157,"$68,200","$66,320","$89,650","$120,150",$0,"$7,574,500","$5,973,796","$1,800","$4,848,697","$1,125,099","$5,852,327"
YES,NO,N00042149,Andy Levin (D),D,MI09,W,59.70%,"$365,160",148,"$65,500","$172,500","$56,160","$71,000",$0,"$1,287,528","$909,943",$150,"$808,089","$101,854","$1,236,135"
NO,NO,N00006561,Tom Udall (D),D,NMS2,,,"$76,000",42,"$65,500","$8,000","$2,500",$0,$0,"$8,622,734","$6,725,953",$0,"$4,969,111","$1,756,829","$8,492,946"
YES,NO,N00037247,Susie Lee (D),D,NV03,W,51.90%,"$505,288",243,"$64,600","$164,000","$142,088","$134,600",$0,"$4,571,517","$3,123,047","$11,045","$2,842,278","$280,768","$4,351,833"
NO,NO,N00026148,Louis B Gohmert Jr. (R),R,TX01,W,72.30%,"$88,607",76,"$64,027","$1,500","$12,380","$10,700",$0,"$817,643","$719,863",$0,"$654,516","$65,347","$746,658"
YES,NO,N00041873,Mark Green (R),R,TN07,W,66.90%,"$101,950",41,"$63,700",$0,"$22,250","$16,000",$0,"$1,823,717","$1,179,483","$420,025","$1,132,264","$47,219","$1,448,836"
NO,NO,N00001093,Charles E Schumer (D),D,NYS2,,,"$85,500",58,"$63,000","$11,000","$10,500",$0,"$1,000","$23,948,960","$18,301,813",$0,"$17,757,317","$544,482","$24,119,569"
NO,NO,N00029441,James E Risch (R),R,IDS1,,,"$63,989",44,"$62,989",$0,"$1,000",$0,$0,"$2,363,445","$1,253,051",$0,"$895,386","$357,664","$1,545,755"
NO,NO,N00031685,Richard Blumenthal (D),D,CTS2,,,"$71,750",52,"$60,250","$10,500",$0,$0,"$1,000","$8,968,807","$6,696,229",$173,"$5,905,367","$790,858","$5,885,104"
YES,NO,N00042126,Steve Watkins (R),R,KS02,W,47.60%,"$186,950",83,"$59,500",$0,"$21,200","$105,750",$500,"$1,036,778","$401,103","$475,101","$371,640","$29,463","$816,944"
YES,NO,N00042403,Michael Waltz (R),R,FL06,W,56.30%,"$201,387",92,"$56,000",$0,"$67,687","$77,700",$0,"$1,702,312","$1,084,833","$400,000","$1,037,054","$47,779","$1,441,234"
YES,NO,N00040888,Abby Finkenauer (D),D,IA01,W,50.90%,"$526,020",240,"$54,500","$174,250","$133,815","$160,955","$2,500","$3,885,166","$3,155,514",$0,"$2,472,822","$682,692","$3,323,879"
YES,NO,N00041080,Joseph Neguse (D),D,CO02,W,60.30%,"$276,698",130,"$50,500","$88,000","$71,198","$67,000",$0,"$1,197,573","$796,921",$920,"$662,419","$134,502","$968,132"
NO,NO,N00002221,Richard Burr (R),R,NCS2,,,"$54,000",44,"$50,500",$0,$0,$0,"$3,500","$12,809,607","$7,024,338",$0,"$6,512,316","$512,019","$9,506,925"
YES,NO,N00029260,Ann Kirkpatrick (D),D,AZ02,W,54.70%,"$431,116",226,"$49,300","$149,000","$114,616","$118,200",$0,"$4,043,760","$2,746,283","$2,700","$1,947,657","$798,626","$3,232,417"
YES,NO,N00042811,Donna Shalala (D),D,FL27,W,51.80%,"$179,233",70,"$48,000","$30,000","$63,233","$38,000",$0,"$3,402,023","$2,570,909","$531,903","$2,424,024","$146,885","$2,942,871"
NO,NO,N00030836,Rand Paul (R),R,KYS2,,,"$62,513",37,"$46,100",$0,"$16,413",$0,$0,"$11,202,157","$7,874,668",$0,"$3,524,298","$4,350,358","$11,053,166"
YES,NO,N00041954,Jim Baird (R),R,IN04,W,64.10%,"$104,250",55,"$44,250",$0,"$22,000","$38,000",$0,"$527,645","$153,347","$221,100","$137,876","$15,471","$407,129"
NO,NO,N00029303,Jeff Merkley (D),D,ORS1,,,"$52,432",40,"$43,732","$8,700",$0,$0,$0,"$14,146,502","$12,033,077",$0,"$6,008,969","$6,024,096","$13,130,086"
NO,YES,N00038858,Pramila Jayapal (D),D,WA07,W,83.60%,"$290,084",166,"$42,884","$192,500","$37,200","$17,500",$0,"$2,050,604","$1,715,222",$0,"$1,323,497","$391,725","$1,303,602"
YES,NO,N00041599,John Rose (R),R,TN06,W,69.50%,"$43,200",22,"$41,200",$0,"$1,000","$1,000",$0,"$2,892,201","$748,701","$250,000","$736,211","$12,490","$2,831,631"
YES,YES,N00040933,Debra Haaland (D),D,NM01,W,59.00%,"$277,390",150,"$35,450","$68,000","$93,240","$76,700","$4,000","$1,928,396","$1,613,749","$3,005","$1,260,471","$353,278","$1,785,368"
YES,NO,N00035491,Mark Harris (R),R,NC09,W,49.40%,"$162,200",73,"$35,400",$0,"$36,800","$90,000",$0,"$1,841,836","$1,495,930","$4,005","$1,335,533","$160,397","$1,675,653"
YES,NO,N00042894,Madeleine Dean (D),D,PA04,W,63.50%,"$206,175",99,"$35,250","$80,957","$47,968","$42,000",$0,"$1,217,989","$587,198","$229,429","$499,401","$87,797","$1,087,976"
NO,YES,N00036915,Kamala D Harris (D),D,CAS1,,,"$30,626",33,"$35,121","-$1,000","-$3,495",$0,$0,"$21,500,969","$19,802,613",$0,"$12,806,040","$6,996,568","$19,786,038"
YES,NO,N00043541,Denver Riggleman (R),R,VA05,W,53.20%,"$103,650",38,"$34,000",$0,"$16,250","$53,400",$0,"$1,405,852","$1,203,589",$0,"$1,079,160","$124,429","$976,505"
YES,NO,N00042114,Jesus Garcia (D),D,IL04,W,86.60%,"$249,083",96,"$33,550","$122,500","$37,033","$56,000",$0,"$793,680","$493,544",$0,"$406,059","$87,484","$758,462"
YES,NO,N00040915,Haley Stevens (D),D,MI11,W,51.80%,"$341,905",157,"$31,800","$111,933","$91,546","$106,626",$0,"$3,556,174","$2,789,464",$0,"$2,249,032","$540,432","$3,086,490"
YES,YES,N00042467,Xochitl Torres Small (D),D,NM02,W,50.70%,"$459,399",215,"$31,000","$117,500","$158,850","$152,049",$0,"$3,791,739","$3,097,880",$0,"$2,442,646","$655,234","$2,788,545"
YES,YES,N00041385,Anthony Brindisi (D),D,NY22,W,50.30%,"$400,372",192,"$28,750","$158,500","$91,172","$121,950",$0,"$3,815,054","$2,900,111",$0,"$1,915,277","$984,834","$3,522,202"
YES,YES,N00041606,Kim Schrier (D),D,WA08,W,52.40%,"$123,683",46,"$27,000","$49,000","$33,183","$14,500",$0,"$6,928,581","$6,122,951","$5,400","$4,843,634","$1,279,317","$5,365,208"
YES,NO,N00042706,Mary Gay Scanlon (D),D,PA05,W,63.20%,"$103,802",45,"$26,000","$24,000","$23,562","$30,240",$0,"$1,784,378","$1,211,840",$0,"$1,082,301","$129,539","$1,367,869"
YES,NO,N00041594,Tim Burchett (R),R,TN02,W,65.90%,"$55,500",29,"$25,500","$2,500","$4,000","$23,500",$0,"$967,915","$895,394",$0,"$892,025","$3,369","$786,676"
YES,YES,N00043421,Jahana Hayes (D),D,CT05,W,55.80%,"$261,599",116,"$24,500","$62,000","$82,049","$93,050",$0,"$1,599,389","$1,282,638",$0,"$955,379","$327,259","$791,989"
YES,NO,N00025882,Ed Case (D),D,HI01,W,70.30%,"$29,000",10,"$24,000","$5,000",$0,$0,$0,"$561,545","$338,059","$151,286","$286,707","$51,352","$481,431"
NO,NO,N00013820,Chris Van Hollen (D),D,MDS2,,,"$18,510",30,"$22,510","-$5,000",$0,$0,"$1,000","$12,318,234","$8,909,581",$0,"$7,986,549","$923,029","$12,094,512"
NO,NO,N00009920,Richard C Shelby (R),R,ALS2,,,"$17,500",28,"$19,500",$0,"-$2,000",$0,$0,"$4,123,729","$1,728,741",$0,"$1,718,186","$10,555","$11,962,380"
NO,YES,N00041870,Conor Lamb (D),D,PA17,W,56.30%,"$520,297",219,"$19,000","$306,550","$86,244","$108,503",$0,"$8,761,547","$7,996,132",$0,"$3,970,093","$4,026,039","$8,034,551"
NO,YES,N00033281,Tulsi Gabbard (D),D,HI02,W,74.00%,"$35,900",48,"$17,900","$11,000","$6,000","$1,000",$0,"$1,314,395","$1,302,148",$0,"$783,291","$518,857","$1,270,906"
YES,YES,N00041997,Susan Wild (D),D,PA07,W,53.50%,"$353,255",169,"$16,750","$86,620","$142,864","$107,021",$0,"$2,844,401","$1,968,933","$18,598","$1,504,029","$464,904","$2,326,095"
NO,NO,N00037615,Jenniffer Gonzalez (3),3,PR00,,,"$26,700",20,"$13,700","$2,000","$4,000","$7,000",$0,"$88,099","$63,399",$0,"$63,399",$0,"$58,738"
YES,YES,N00041357,Elissa Slotkin (D),D,MI08,W,50.60%,"$270,886",127,"$12,500","$91,000","$87,447","$79,939",$0,"$6,205,628","$4,704,387","$10,200","$3,907,888","$796,498","$5,205,871"
YES,YES,N00040876,Jason Crow (D),D,CO06,W,54.10%,"$255,763",142,"$12,500","$58,500","$103,077","$81,686",$0,"$5,083,535","$3,762,287",$0,"$3,068,790","$693,497","$4,486,017"
YES,YES,N00041370,Andy Kim (D),D,NJ03,W,49.90%,"$446,039",221,"$12,000","$114,500","$184,939","$134,600",$0,"$5,188,169","$4,200,825","$1,260","$3,244,842","$955,983","$4,434,098"
YES,NO,N00042013,Ben McAdams (D),D,UT04,W,50.10%,"$258,282",108,"$12,000","$139,000","$49,832","$57,450",$0,"$2,850,479","$2,511,075",$0,"$2,006,181","$504,893","$2,612,518"
NO,NO,N00031938,Justin Amash (R),R,MI03,W,54.40%,"$44,426",35,"$12,000",$0,"$24,036","$8,390",$0,"$608,896","$563,365",$0,"$490,982","$72,382","$583,533"
NO,YES,N00033492,Elizabeth Warren (D),D,MAS1,W,60.30%,"$342,173",126,"$11,500","$158,275","$55,898","$116,500",$0,"$34,114,040","$29,600,511",$0,"$10,587,636","$19,012,867","$20,475,491"
YES,YES,N00028122,TJ Cox (D),D,CA21,W,48.60%,"$212,083",89,"$10,000","$47,000","$83,683","$71,400",$0,"$2,476,853","$1,718,989","$265,500","$1,250,844","$468,145","$2,245,310"
YES,YES,N00040865,Katie Porter (D),D,CA45,W,51.90%,"$197,550",99,"$9,500","$19,000","$93,750","$75,300",$0,"$5,833,764","$4,771,528",$258,"$3,392,222","$1,379,306","$5,322,914"
YES,NO,N00000286,Mitt Romney (R),R,UTS1,W,62.60%,"$9,000",19,"$9,000",$0,$0,$0,$0,"$5,144,278","$3,967,444",$0,"$3,566,112","$401,332","$4,650,674"
YES,NO,N00037039,Angie Craig (D),D,MN02,W,52.80%,"$372,569",168,"$8,500","$121,000","$130,499","$112,570",$0,"$4,658,540","$3,264,959","$27,981","$2,400,255","$864,704","$3,593,052"
YES,YES,N00040741,Antonio Delgado (D),D,NY19,W,50.20%,"$316,937",155,"$8,000","$51,500","$145,437","$112,000",$0,"$7,847,726","$7,027,556",$0,"$5,929,542","$1,098,014","$7,081,167"
YES,NO,N00041561,Debbie Mucarsel-Powell (D),D,FL26,W,50.90%,"$263,768",124,"$7,500","$42,500","$117,668","$96,100",$0,"$3,747,706","$2,739,025","$1,000","$2,235,273","$503,752","$3,529,599"
YES,YES,N00042293,Elaine Luria (D),D,VA02,W,51.10%,"$180,724",87,"$7,500","$36,500","$71,724","$65,000",$0,"$3,585,621","$2,456,938","$5,360","$1,896,896","$560,042","$2,671,313"
YES,YES,N00041668,Jared Golden (D),D,ME02,W,50.60%,"$266,951",113,"$7,000","$104,000","$84,901","$71,050",$0,"$4,615,990","$4,118,928","$1,000","$3,208,077","$910,852","$4,166,272"
YES,YES,N00042813,Lucy McBath (D),D,GA06,W,50.50%,"$188,805",88,"$6,500","$18,433","$97,972","$65,900",$0,"$1,791,661","$1,561,103",$653,"$1,047,453","$513,651","$1,226,839"
YES,YES,N00041104,Cindy Axne (D),D,IA03,W,49.00%,"$251,042",119,"$6,000","$63,500","$84,141","$97,401",$0,"$4,331,158","$3,562,172","$24,082","$2,810,920","$751,252","$3,426,863"
YES,YES,N00040666,Harley Rouda (D),D,CA48,W,52.20%,"$203,550",93,"$6,000","$47,750","$65,000","$84,800",$0,"$6,771,526","$5,013,594","$1,138,955","$3,668,971","$1,344,623","$6,042,927"
NO,YES,N00026427,Ro Khanna (D),D,CA17,W,74.60%,"$16,500",13,"$5,500","$5,000","$4,000","$2,000",$0,"$2,622,022","$2,630,917",$0,"$2,484,581","$146,336","$1,753,566"
YES,NO,N00041338,Sean Casten (D),D,IL06,W,53.60%,"$184,295",97,"$5,000","$30,500","$65,995","$81,800","$1,000","$5,320,441","$4,352,174","$630,000","$3,384,947","$967,227","$4,121,164"
YES,NO,N00041002,Jennifer Wexton (D),D,VA10,W,56.10%,"$151,333",77,"$5,000","$51,000","$39,533","$55,800",$0,"$5,387,365","$5,016,756",$0,"$3,910,952","$1,105,804","$4,256,873"
YES,NO,N00041194,Lizzie Fletcher (D),D,TX07,W,52.50%,"$224,838",105,"$5,000","$30,145","$103,043","$86,650",$0,"$5,325,090","$4,623,042","$18,495","$3,875,678","$747,364","$4,591,888"
YES,YES,N00041588,Max Rose (D),D,NY11,W,52.80%,"$137,508",80,"$5,000","$2,500","$69,508","$60,500",$0,"$4,111,078","$3,409,698",$538,"$2,955,652","$454,046","$3,052,422"
YES,YES,N00041418,Abigail Spanberger (D),D,VA07,W,50.30%,"$135,224",66,"$5,000","$25,500","$51,874","$52,850",$0,"$5,894,232","$5,071,276",$0,"$3,940,814","$1,130,462","$5,303,695"
YES,YES,N00041843,Tom Malinowski (D),D,NJ07,W,51.50%,"$264,974",127,"$5,000","$47,500","$98,774","$113,700",$0,"$5,234,360","$4,277,982",$0,"$3,721,902","$556,079","$4,400,085"
YES,NO,N00041569,Lauren A Underwood (D),D,IL14,W,52.50%,"$192,083",108,"$4,500","$20,000","$77,482","$87,601","$2,500","$3,957,261","$3,332,911","$9,390","$2,371,385","$961,526","$2,786,072"
NO,YES,N00007836,Maria Cantwell (D),D,WAS1,W,58.40%,"$62,103",82,"$4,097","$32,000","$26,006",$0,$0,"$11,472,912","$11,151,375",$0,"$8,253,502","$2,897,864","$8,230,971"
NO,NO,N00007635,Amata Coleman Radewagen (R),R,AS00,W,0.00%,"$43,750",25,"$3,500",$0,"$1,250","$39,000",$0,"$142,915","$96,015","$1,000","$91,600","$4,415","$146,035"
YES,YES,N00040667,Mike Levin (D),D,CA49,W,55.00%,"$289,829",140,"$3,500","$60,250","$133,979","$92,100",$0,"$5,523,900","$4,496,716","$11,526","$3,299,506","$1,197,210","$4,694,259"
YES,YES,N00042161,Chris Pappas (D),D,NH01,W,53.50%,"$62,555",26,"$3,500","$24,000","$18,540","$16,515",$0,"$1,869,153","$1,482,033","$16,759","$989,212","$492,821","$1,210,565"
YES,YES,N00040644,Katie Hill (D),D,CA25,W,52.60%,"$244,941",124,"$3,000","$20,250","$129,691","$92,000",$0,"$7,269,115","$6,121,829","$13,938","$4,588,952","$1,532,877","$5,891,575"
YES,YES,N00041808,Lori Trahan (D),D,MA03,W,62.00%,"$20,000",5,"$2,500","$17,500",$0,$0,$0,"$2,023,016","$1,393,136","$378,728","$1,240,715","$152,421","$1,708,115"
YES,YES,N00042649,Rashida Tlaib (D),D,MI13,W,84.20%,"$88,569",45,"$2,500","$33,500","$42,569","$10,000",$0,"$1,592,223","$1,478,263",$0,"$1,227,513","$250,751","$1,463,894"
NO,NO,N00030418,Gregorio Sablan (I),I,MP00,W,0.00%,"$54,000",28,"$2,000","$19,500","$21,500","$11,000",$0,"$111,633","$51,542",$0,"$48,297","$3,245","$88,890"
YES,YES,N00041134,Dean Phillips (D),D,MN03,W,55.70%,"$14,384",17,$750,"$5,000","$4,500","$4,134",$0,"$5,236,635","$4,375,988","$844,330","$3,442,777","$933,211","$5,003,760"
YES,YES,N00041162,Alexandria Ocasio-Cortez (D),D,NY14,W,78.00%,"$41,489",26,$0,"$16,500","$24,489",$500,$0,"$1,827,690","$1,817,011",$0,"$684,762","$1,132,249","$1,266,162"
YES,YES,N00040989,Colin Allred (D),D,TX32,W,52.20%,"$171,418",81,$0,"$50,000","$58,218","$63,200",$0,"$4,918,539","$4,145,529","$25,000","$3,298,812","$846,717","$3,532,712"
YES,YES,N00041394,Kendra Horn (D),D,OK05,W,50.70%,"$30,500",15,$0,"$30,500",$0,$0,$0,"$1,015,995","$961,579",$0,"$781,322","$180,257","$917,295"
YES,YES,N00041400,Joe Cunningham (D),D,SC01,W,50.60%,"$10,608",12,$0,$0,"$9,608","$1,000",$0,"$1,908,175","$1,900,221",$0,"$1,447,910","$452,311","$1,610,079"
YES,YES,N00041464,Gil Cisneros (D),D,CA39,W,51.50%,"$69,200",49,$0,"$17,000","$37,900","$14,300",$0,"$11,126,339","$1,871,443","$8,852,762","$1,392,199","$479,245","$10,494,157"
YES,YES,N00040853,Josh Harder (D),D,CA10,W,51.30%,"$166,358",68,$0,"$50,000","$61,558","$54,800",$0,"$7,003,682","$6,228,961",$0,"$4,839,415","$1,389,546","$6,161,067"
YES,YES,N00039122,David Trone (D),D,MD06,W,59.00%,$599,7,$0,$0,$599,$0,$0,"$16,524,302","$542,799","$15,983,172","$527,572","$15,227","$15,866,244"
YES,YES,N00043581,Ilhan Omar (D),D,MN05,W,78.20%,"$13,500",4,$0,"$5,000","$7,500","$1,000",$0,"$790,460","$697,326",$0,"$465,020","$232,306","$672,665"
YES,YES,N00042581,Ayanna Pressley (D),D,MA07,W,0.00%,"$14,000",6,$0,"$10,000","$4,000",$0,$0,"$1,262,506","$1,189,632",$0,"$912,087","$277,546","$1,155,959"
YES,NO,N00042626,Sharice Davids (D),D,KS03,W,53.60%,"$17,000",9,$0,$0,"$12,500","$4,500",$0,"$3,968,912","$3,361,753",$0,"$2,376,936","$984,817","$3,436,462"
NO,YES,N00027751,John Sarbanes (D),D,MD03,W,69.10%,$0,10,$0,$0,$599,$0,$0,"$894,361","$897,277",$0,"$865,445","$31,832","$661,048"
NO,YES,N00000528,Bernie Sanders (I),I,VTS1,W,70.00%,"$117,700",38,$0,"$64,700","$18,000","$35,000",$0,"$10,293,878","$10,129,466",$0,"$2,229,948","$7,899,516","$5,223,586"
NO,YES,N00040007,Francis Rooney (R),R,FL19,W,62.30%,$0,71,$0,$0,$0,$0,$0,"$697,653","$484,974","$170,000","$470,365","$14,609","$893,942"
z,YES,N00028463,Phil Roe (R),R,TN01,W,77.10%,"$10,000",23,$0,$0,"$15,500",$0,"$1,000","$357,099","$337,099",$0,"$306,418","$30,681","$588,015"