New_Member?,Pledge_Status,Candidate_ID,CRPName,Party,District,General_Elec_Result,VotePercent,Total_PAC_Money,Number_of_PAC_Contributions,Business_PACs,Labor_PACs,Ideological_PACs,Lead_PACs,Other_PACs,Net_Receipts,Net_Individual_Total,Candidate_Contributions,Large_Indivs,Small_Indivs,Net_Spent
NO,PAC,N00005883,Kevin Brady (R),R,TX08,W,73.50,3018330,1106,2948105,34500,10725,15000,10000,5039143,1460414,0,1436850,23564,5211398
NO,PAC,N00028152,Kevin McCarthy (R),R,CA23,W,65.10,2982208,1010,2918058,39500,19150,5500,0,7732032,566652,0,551066,15586,7087204
NO,PAC,N00007690,Greg Walden (R),R,OR02,W,56.30,2651416,1209,2522866,74500,30550,23500,0,5061828,1857169,0,1671333,185836,3854536
NO,PAC,N00006236,John A Barrasso (R),R,WYS1,W,67.10,2590001,1161,2238270,6000,55831,287400,2500,7365344,3718203,0,3537859,180343,5970640
NO,PAC,N00000153,Richard E Neal (D),D,MA01,W,0.00,2388409,1202,2216109,143000,13300,15000,1000,3130248,739589,0,719607,19982,2984856
NO,PAC,N00029574,Steve Stivers (R),R,OH15,W,58.50,2440022,986,2173734,137500,63788,45000,20000,3878843,1124873,0,1109216,15657,3679012
NO,PAC,N00001821,Steny H Hoyer (D),D,MD05,W,70.30,2384142,864,2024465,298750,56427,0,4500,3898714,1029257,0,992508,36749,3835856
NO,PAC,N00004118,Debbie Stabenow (D),D,MIS2,W,52.30,2673386,1346,1943843,253500,152893,310650,12500,17135664,12119448,0,9205942,2913497,15407317
NO,PAC,N00026627,Patrick McHenry (R),R,NC10,W,59.30,1952906,777,1902206,22500,8200,20000,0,3496042,809267,0,801475,7792,3311437
NO,PAC,N00027503,Bob Casey (D),D,PAS2,W,55.70,2505211,1324,1771256,244250,130955,355000,3750,20841601,15454801,0,11946985,3507806,16454000
NO,PAC,N00026314,Cathy McMorris Rodgers (R),R,WA05,W,54.80,2028958,1011,1731064,8000,97094,192800,0,5758031,2804864,0,2161149,643715,5486875
NO,PAC,N00009660,Steve Scalise (R),R,LA01,W,71.50,1720849,618,1663349,22500,10000,25000,0,9514106,5874665,0,2799096,3075570,7971197
NO,PAC,N00030026,Blaine Luetkemeyer (R),R,MO03,W,65.10,1706028,912,1648128,8000,21000,28900,0,2318259,572645,0,539324,33321,1906788
NO,PAC,N00003280,Roger Wicker (R),R,MSS2,W,58.50,2178394,1065,1637424,27000,82570,425400,6000,6385407,3514317,25,3363229,151087,6124649
NO,PAC,N00004403,Ron Kind (D),D,WI03,W,59.70,1711128,966,1606200,61500,27750,15678,0,2199052,464572,0,272546,192026,1809114
NO,PAC,N00030949,Tom Reed (R),R,NY23,W,55.00,1789667,994,1569846,69000,41200,105471,4150,3305723,1473674,0,1383837,89837,2510364
NO,PAC,N00033443,Deb Fischer (R),R,NES1,W,58.10,1950431,1014,1502292,50583,83856,310700,3000,6195068,3017060,0,2727690,289369,5005590
NO,PAC,N00027605,Jon Tester (D),D,MTS1,W,50.10,2282525,1130,1502072,201500,111253,467700,0,19227650,14666076,0,11333627,3332438,17674961
NO,PAC,N00004961,John M Shimkus (R),R,IL15,W,70.90,1572462,861,1455087,61500,18875,37000,0,1966871,220424,0,182525,37899,1771221
NO,PAC,N00034784,Rodney Davis (R),R,IL13,W,50.40,1828907,1082,1451775,197500,46725,126407,6500,3225700,959309,0,793344,165965,3071639
NO,PAC,N00031233,Andy Barr (R),R,KY06,W,51.00,1890284,969,1422934,14500,112150,339700,1000,4778302,2505157,0,2331909,173248,4382863
NO,PAC,N00000781,Frank Pallone Jr. (D),D,NJ06,W,63.30,1621747,810,1417247,187500,14000,3000,0,2509148,886941,0,860296,26645,1320964
NO,PAC,N00031647,Mike Kelly (R),R,PA16,W,51.60,1595954,843,1408808,58000,49500,76146,3500,2368067,806095,0,764466,41630,2240841
NO,PAC,N00029675,Brett Guthrie (R),R,KY02,W,66.70,1479170,866,1408695,18000,9475,25500,17500,1965308,351492,0,303100,48392,1666509
NO,PAC,N00033399,George Holding (R),R,NC02,W,51.40,1570958,803,1390058,7000,39000,134900,0,2619233,1099817,0,1066198,33619,2389800
YES,PAC,N00003105,Marsha Blackburn (R),R,TNS1,W,54.70,1999876,863,1376172,6000,132604,475100,10000,12713017,8924068,0,7524495,1399570,11819522
YES,PAC,N00033983,Kyrsten Sinema (D),D,AZS2,W,50.00,2346062,1068,1357982,272000,263906,448174,4000,18929335,15569009,0,11235262,4333742,19891427
NO,PAC,N00003535,Sherrod Brown (D),D,OHS1,W,53.20,2281985,1107,1354200,338950,146235,436600,6000,27733851,21357297,0,14669964,6687326,22443213
NO,PAC,N00033177,Tim Kaine (D),D,VAS1,W,57.00,1970373,956,1334831,207350,81507,339185,7500,21453807,12336368,0,9484047,2852313,18473726
NO,PAC,N00007248,Devin Nunes (R),R,CA22,W,55.20,1396278,670,1313084,1500,42194,38500,1000,11643678,10224784,0,4516947,5707837,9977823
NO,PAC,N00033106,Ann L Wagner (R),R,MO02,W,51.30,1349050,613,1255300,5000,29250,59500,0,2898768,1460868,0,1443297,17571,3165287
NO,PAC,N00037031,Darin LaHood (R),R,IL18,W,67.20,1405824,809,1255124,66500,31700,52500,0,2378485,907619,0,790945,116674,863174
NO,PAC,N00031226,Jackie Walorski (R),R,IN02,W,54.80,1367114,866,1245541,5500,43573,71500,1000,2668864,917725,0,823574,94151,2246116
NO,PAC,N00004133,Fred Upton (R),R,MI06,W,50.20,1538799,684,1242349,70500,44000,181700,250,2894922,1100394,0,1022804,77590,2568876
NO,PAC,N00035282,Jason Smith (R),R,MO08,W,73.40,1297672,778,1235422,3000,23750,34500,1000,1907702,419676,0,406635,13041,1220707
NO,PAC,N00033630,Richard Hudson (R),R,NC08,W,55.40,1354284,771,1229784,24000,24500,72000,4000,2286871,887830,0,845024,42806,1534614
NO,PAC,N00030967,Sean P Duffy (R),R,WI07,W,60.10,1346650,793,1227400,47500,33500,37000,1250,3394896,1798898,0,1597575,201323,2567785
NO,PAC,N00030622,Terri A Sewell (D),D,AL07,W,0.00,1335398,814,1224148,72000,18250,20000,1000,1633321,316437,0,301292,15146,1027116
NO,PAC,N00033591,Scott Peters (D),D,CA52,W,62.80,1460537,943,1219337,71000,87100,83100,0,2637154,1115949,51395,935488,180461,1448673
NO,PAC,N00030673,Bill Huizenga (R),R,MI02,W,55.30,1273102,723,1207602,4500,18000,43000,0,1987840,670024,0,606142,63882,1853820
NO,PAC,N00029835,Martin Heinrich (D),D,NMS1,W,54.00,1808912,896,1205740,176000,93829,329843,3500,8318909,5220769,0,4243662,977102,7058344
NO,PAC,N00032838,Joe Manchin (D),D,WVS1,W,49.60,1835097,844,1194607,221000,61390,358100,0,9066188,5854823,0,5490019,364800,7661313
NO,PAC,N00026041,Mike Conaway (R),R,TX11,W,80.20,1212371,604,1174371,9000,12000,16000,1000,2206795,886573,0,805782,80791,2425081
NO,PAC,N00013323,Sam Graves (R),R,MO06,W,65.40,1340010,795,1167010,132000,14500,25500,1000,1691411,291039,0,271775,19264,1506196
NO,PAC,N00002408,James E Clyburn (D),D,SC06,W,70.10,1412519,649,1164660,229260,17599,0,1000,1825859,232284,0,192686,39598,1699317
NO,PAC,N00030768,Martha Roby (R),R,AL02,W,61.50,1622850,828,1134850,8000,95000,385000,0,2494868,787217,0,741087,46130,2088782
NO,PAC,N00012508,Tom Carper (D),D,DES1,W,60.00,1428930,730,1128030,49500,32900,208500,10000,4070561,1590339,0,1463512,126825,4171231
NO,PAC,N00030788,Tom Graves (R),R,GA14,W,76.50,1189265,704,1124515,17000,14500,33250,0,1944661,654788,0,647364,7424,846701
NO,PAC,N00030071,Kurt Schrader (D),D,OR05,W,55.00,1195234,745,1067456,78000,38778,8500,2500,2060338,603489,0,544183,59305,831030
NO,PAC,N00007364,Dianne Feinstein (D),D,CAS2,W,54.50,1424299,678,1058450,86000,72649,207200,0,16568626,5443712,5006050,4257101,1186608,13215794
NO,PAC,N00007419,Mike Thompson (D),D,CA05,W,78.20,1199528,620,1052309,115000,29219,2000,1000,1947557,737197,0,582361,154836,1859091
NO,PAC,N00027626,Vernon Buchanan (R),R,FL16,W,54.60,1204266,560,1045016,6000,42250,111000,0,2706870,968250,500000,948065,20185,3714952
NO,PAC,N00001955,Ben Cardin (D),D,MDS1,W,64.90,1472126,800,1039543,182500,79583,162500,8000,5066335,2733971,0,2584489,149478,4397223
NO,PAC,N00031417,Will Hurd (R),R,TX23,W,49.20,1425635,756,1037564,23000,88229,276842,0,4744721,1621038,0,1276835,344203,4372836
NO,PAC,N00036944,Josh Gottheimer (D),D,NJ05,W,55.20,1544476,896,1037126,163000,156950,177400,10000,6373223,4799520,0,4597285,202235,1613539
NO,PAC,N00035346,Buddy Carter (R),R,GA01,W,57.80,1083049,638,1020637,14000,14053,33359,1000,1659101,824115,0,759175,64940,858951
NO,PAC,N00033390,Cheri Bustos (D),D,IL17,W,62.10,1551478,918,1020100,293433,119245,117700,1000,3642480,2033637,0,1578542,455095,2768736
NO,PAC,N00038429,Trey Hollingsworth (R),R,IN09,W,56.50,1077950,704,1000005,14500,20445,43000,0,1384559,322156,747,305387,16769,945593
NO,PAC,N00027500,Amy Klobuchar (D),D,MNS2,W,60.30,1560230,759,990323,194000,99807,276100,0,9981489,7179317,0,4993012,2186301,7542349
NO,PAC,N00035523,Elise Stefanik (R),R,NY21,W,56.70,1396639,838,990212,73500,108586,203841,20500,2640796,1005814,0,879041,126773,1923595
NO,PAC,N00025219,Michael Burgess (R),R,TX26,W,59.40,1049229,527,976329,9000,18500,45400,0,1562142,516560,0,486888,29672,1551353
NO,PAC,N00000575,John B Larson (D),D,CT01,W,63.70,1127293,627,958993,154800,10500,3000,0,1602225,473179,0,405462,67716,1583992
NO,PAC,N00024978,Henry Cuellar (D),D,TX28,W,84.40,1033370,595,956375,42000,32745,250,2000,1541766,503170,13500,497408,5762,1087078
NO,PAC,N00035440,Tom Emmer (R),R,MN06,W,61.20,1140817,665,956223,86500,35094,62000,1000,2115263,782421,0,638435,143987,1859781
NO,PAC,N00012233,Robert E Latta (R),R,OH05,W,62.50,984110,679,930070,9000,15770,28270,1000,1519154,475906,0,420470,55436,1311178
NO,PAC,N00029562,Ben R Lujan (D),D,NM03,W,63.30,1110253,587,923998,146000,30755,7000,2500,1858353,576884,0,489788,87096,2061682
NO,PAC,N00025337,Mario Diaz-Balart (R),R,FL25,W,60.50,1284839,621,923985,175000,76250,109584,20,2111135,859722,0,853820,5902,1907598
NO,PAC,N00035380,Bradley Byrne (R),R,AL01,W,63.30,976850,600,905100,18500,23250,27000,3000,1324946,274717,0,264612,10105,662610
NO,PAC,N00027566,Christopher S Murphy (D),D,CTS1,W,59.40,1293561,666,904393,119000,71168,199000,0,14589142,12675865,0,8734793,3941064,9282897
NO,PAC,N00031545,Bill Flores (R),R,TX17,W,56.90,938776,581,900276,16000,7500,15000,0,1231487,306243,0,296876,9367,865452
NO,PAC,N00036135,Garret Graves (R),R,LA06,W,69.50,978351,622,898268,30583,19000,29500,1000,2242934,548175,11,542505,5670,1027436
NO,PAC,N00026368,Tim Walberg (R),R,MI07,W,53.80,1041213,616,890813,0,30000,119400,1000,2039041,942951,0,819313,123638,1339485
NO,PAC,N00024870,Linda Sanchez (D),D,CA38,W,67.50,1089411,629,888661,182500,14250,4000,0,1632598,370153,600,340469,29684,1299732
NO,PAC,N00032088,Bill Johnson (R),R,OH06,W,69.30,1069199,647,888499,106050,27250,47400,0,1824414,778088,0,730251,47837,1552533
NO,PAC,N00027623,Adrian Smith (R),R,NE03,W,76.70,941590,583,885590,5000,18500,31500,1000,1167263,239844,0,219725,20119,1524716
NO,PAC,N00003028,Robert B Aderholt (R),R,AL04,W,79.90,928843,527,881943,16000,9900,17500,3500,1485120,453814,0,430365,23449,851138
NO,PAC,N00026166,Virginia Foxx (R),R,NC05,W,57.20,944107,499,881630,2500,25477,24500,10000,2095324,1147205,0,1103269,43936,1689357
NO,PAC,N00004558,Collin Peterson (D),D,MN07,W,52.10,1017175,521,873513,89000,34100,19562,1000,1424843,290017,0,224964,65052,1439517
NO,PAC,N00030717,Ami Bera (D),D,CA07,W,54.30,1121697,655,867197,54900,105000,93600,1000,2792846,1675683,21,1401582,274101,1371426
NO,PAC,N00025726,Tom Cole (R),R,OK04,W,63.10,967107,576,862707,56000,34400,11500,2500,1806114,821704,0,797475,24229,1790651
NO,PAC,N00035792,French Hill (R),R,AR02,W,52.10,991277,517,861777,5000,26000,98500,0,2724802,1553171,0,1474510,78661,2843741
NO,PAC,N00006267,Mike Crapo (R),R,IDS2,L,NA,870325,452,861325,3500,4000,1500,0,6736737,3568514,0,2448880,119632,6462634
NO,PAC,N00004367,Tammy Baldwin (D),D,WIS1,W,55.40,1680755,828,855300,242505,192388,388562,2000,29044284,25591511,0,15346739,10244760,26747406
NO,PAC,N00033085,Ted Cruz (R),R,TXS2,W,50.90,1202282,452,851432,6500,104150,240200,0,40118702,28842608,0,16463696,12378909,33896025
NO,PAC,N00024871,David Scott (D),D,GA13,W,76.20,971277,415,850749,88500,18028,14000,0,1099187,65084,0,62600,2484,1050126
NO,PAC,N00035934,John Katko (R),R,NY24,W,53.10,1271499,745,842006,138000,98521,191472,1500,2524478,858811,0,783940,74871,2287569
NO,PAC,N00033410,Markwayne Mullin (R),R,OK02,W,65.00,922583,551,840093,3000,16090,62400,1000,1459281,465594,0,446570,19024,1342372
NO,PAC,N00030676,Billy Long (R),R,MO07,W,66.30,899522,536,838642,5000,17500,32880,5500,1527112,503880,0,488430,15450,1149689
NO,PAC,N00029285,Pete Olson (R),R,TX22,W,51.40,919540,564,838155,2500,27385,51500,0,1441469,525600,0,505644,19956,1663229
NO,PAC,N00026341,Jim Costa (D),D,CA16,W,55.00,1000390,570,837190,52500,61000,47700,2000,1828442,775175,0,770689,4485,2296881
NO,PAC,N00027510,Ed Perlmutter (D),D,CO07,W,60.40,1048569,563,836069,129500,28500,54500,0,1741714,630578,0,491750,138828,1304691
NO,PAC,N00035007,David P Joyce (R),R,OH14,W,55.40,1265004,677,835854,249250,60000,110400,9500,2547525,1200307,0,1154826,45482,2662393
NO,PAC,N00033832,Tom Rice (R),R,SC07,W,59.60,861799,528,827799,3000,6500,22000,2500,1501637,630337,0,623162,7175,906711
NO,PAC,N00026710,Kenny Marchant (R),R,TX24,W,50.70,856684,483,822884,7500,8300,17000,1000,1222000,256713,0,253615,3098,1089727
NO,PAC,N00030667,Adam Kinzinger (R),R,IL16,W,59.10,996185,518,818285,63500,64200,49200,1000,1772985,457424,0,411051,46373,2170975
NO,PAC,N00034453,Derek Kilmer (D),D,WA06,W,63.90,956321,630,811721,118500,22600,3500,0,2273300,1104933,0,969145,135788,1257122
NO,PAC,N00040133,Stephanie Murphy (D),D,FL07,W,57.70,1407574,871,806493,144500,213231,237350,6000,3017120,1600917,0,1353964,246952,2276547
NO,PAC,N00030693,Suzan DelBene (D),D,WA01,W,59.30,884879,549,785379,79000,11000,9500,0,2001731,952886,0,804910,147976,1353123
NO,PAC,N00029070,Jim Himes (D),D,CT04,W,60.90,825206,497,783973,20000,21233,0,0,1902884,886431,0,734622,151809,1366938
NO,PAC,N00005559,Frank D Lucas (R),R,OK03,W,73.90,815053,467,783353,1000,9200,21500,0,1030837,130957,0,127422,3535,849735
NO,PAC,N00033518,Doug Collins (R),R,GA09,W,79.50,844050,490,780550,10500,13500,39500,0,1306992,465884,0,424330,41554,606919
NO,PAC,N00033527,David Rouzer (R),R,NC07,W,55.60,836650,553,771400,22000,11250,30000,2000,1455662,606090,0,588089,18001,880700
NO,PAC,N00007360,Nancy Pelosi (D),D,CA12,W,86.80,1028700,392,768700,218500,39000,0,2500,4010778,2648920,0,1359589,1289331,4495903
NO,PAC,N00006460,David Schweikert (R),R,AZ06,W,55.30,820150,525,765150,2500,9000,42500,1000,1547683,420757,0,398103,22655,1332697
NO,PAC,N00043298,Cindy Hyde-Smith (R),R,MSS1,W,41.20,1036047,417,764097,4000,41950,226000,0,3558567,2165673,0,2034515,131158,3354107
NO,PAC,N00034580,Angus King (I),I,MES1,W,0.00,1130730,622,763431,173166,43133,151000,0,5415277,4001609,84649,3345072,656535,4907840
NO,PAC,N00000699,Robert Menendez (D),D,NJS1,W,53.70,1330987,556,756743,161100,139800,273344,0,11453442,8213845,0,7867318,346521,11047953
NO,PAC,N00037049,Don Bacon (R),R,NE02,W,51.60,1150036,666,743374,65000,101850,239812,0,2481591,964647,2764,845169,119478,1843439
NO,PAC,N00035420,Mike Bost (R),R,IL12,W,51.60,1306696,740,741406,166500,117357,281433,0,2596571,964297,0,867026,97271,2371973
NO,PAC,N00027462,Gus Bilirakis (R),R,FL12,W,58.10,773570,463,727967,2000,8000,35603,0,1850840,960274,0,873565,86709,1550488
NO,PAC,N00024852,John Cornyn (R),R,TXS1,L,NA,739859,372,720359,3000,5500,10000,1000,18063271,9685740,0,8919060,766681,15261246
NO,PAC,N00029404,Lee Zeldin (R),R,NY01,W,52.50,985224,577,716900,91900,71724,100300,4400,4194228,2694126,0,1972874,721252,3141654
NO,PAC,N00000751,Bill Pascrell Jr. (D),D,NJ09,W,70.00,926609,581,714499,204110,6000,2000,0,1543127,610766,0,599945,10821,1173249
NO,PAC,N00033997,Pete Aguilar (D),D,CA31,W,56.90,928102,538,695702,162000,41000,29400,0,2540651,1579590,0,1111548,468041,2065448
NO,PAC,N00030184,Cedric Richmond (D),D,LA02,W,80.60,925633,539,689257,204876,17000,13500,1000,1469237,340618,0,329190,11428,1069050
NO,PAC,N00024759,Mike D Rogers (R),R,AL03,W,63.80,751220,461,688520,15500,21200,25000,1000,1219288,460557,0,450890,9667,857388
NO,PAC,N00008799,Kay Granger (R),R,TX12,W,64.30,743573,373,687573,17500,20000,17500,1000,1927528,1200762,0,1165209,35553,1652964
NO,PAC,N00025095,John Carter (R),R,TX31,W,50.60,935306,536,686914,38000,58962,150430,1000,1641823,754017,0,727096,26921,1492248
NO,PAC,N00033373,Tony Cardenas (D),D,CA29,W,79.70,849424,501,685834,114000,41090,8500,0,1387945,568182,0,511455,56727,1307291
NO,PAC,N00026460,Michael McCaul (R),R,TX10,W,50.90,725184,413,681434,17000,20750,6000,0,1618946,822518,0,803745,18773,1475460
NO,PAC,N00027459,Doris O Matsui (D),D,CA06,W,80.90,764303,453,673803,84500,6000,0,0,1019251,246186,0,219920,26266,1046817
NO,PAC,N00033510,Raul Ruiz (D),D,CA36,W,57.00,1060825,626,671975,122250,126200,140400,0,3002014,1835154,0,1450196,384958,2088581
NO,PAC,N00033101,Brad Schneider (D),D,IL10,W,65.60,1117928,730,648103,174500,160925,133400,1000,4099305,3153640,0,2278313,875327,2981616
NO,PAC,N00039330,Mike Gallagher (R),R,WI08,W,63.70,848135,472,641835,20200,89700,96400,0,2720558,1836074,0,1805425,30649,1843913
NO,PAC,N00037034,Roger Marshall (R),R,KS01,W,68.20,738412,468,639358,14000,22500,61554,1000,1188698,362608,0,346792,15816,473735
NO,PAC,N00027741,David Loebsack (D),D,IA02,W,54.80,1046050,602,638900,188500,91050,124100,3500,1966822,897437,0,711154,186283,1638781
NO,PAC,N00035492,Thom Tillis (R),R,NCS1,L,NA,669900,384,638400,4500,6000,20000,1000,13027787,9044328,250000,7682241,1362080,11787783
NO,PAC,N00030196,Paul Tonko (D),D,NY20,W,66.10,825237,527,631750,157888,32099,2500,1000,1255208,432447,0,273733,158714,996490
NO,PAC,N00030245,Bill Cassidy (R),R,LAS1,L,NA,641500,390,630500,2000,5000,3000,1000,19118296,12920733,0,11599281,1321450,16555714
NO,PAC,N00033495,Susan Brooks (R),R,IN05,W,56.80,726217,450,625217,15500,33000,42500,10000,1346176,492063,0,457106,34957,1421686
NO,PAC,N00003389,Mitch McConnell (R),R,KYS1,L,NA,679396,275,623313,13700,23300,19083,0,25851995,14240679,1800000,13036655,1204016,29871757
NO,PAC,N00000078,Carolyn B Maloney (D),D,NY12,W,86.20,825134,459,621405,150650,41079,12500,-500,2052940,1170284,0,1079293,90990,2347730
NO,PAC,N00036154,Don Norcross (D),D,NJ01,W,64.30,942506,567,620006,288800,19200,14500,0,2014388,1096271,0,1075750,20521,1250028
NO,PAC,N00030875,Ann Kuster (D),D,NH02,W,55.60,1089914,699,617339,227500,122475,122600,0,3187974,2044792,0,1742641,302150,2750851
NO,PAC,N00006263,Mike Simpson (R),R,ID02,W,60.70,688866,396,616366,34500,7000,30000,1000,1105201,354351,0,333200,21151,934614
NO,PAC,N00001171,Gregory W Meeks (D),D,NY05,W,0.00,671699,408,615600,43500,7599,2000,3000,901943,232982,0,221228,11754,901034
NO,PAC,N00004572,John Thune (R),R,SDS1,L,NA,627565,330,610065,15500,0,0,2000,10395609,5088941,0,4327261,761678,6716243
NO,PAC,N00029139,Bill Foster (D),D,IL11,W,63.80,773525,469,610050,144000,18475,1000,0,2415424,1572674,0,1258805,313870,1419469
NO,PAC,N00001489,Pat Toomey (R),R,PAS1,L,NA,631831,413,607331,12500,6000,6000,0,30237025,23462358,0,18465933,4996416,31290747
NO,PAC,N00001285,Chris Collins (R),R,NY27,W,49.50,729144,456,605398,45000,33000,45746,0,1308758,390624,0,372344,18280,1323723
NO,PAC,N00033310,Brad Wenstrup (R),R,OH02,W,57.80,663584,400,605084,4000,16000,37500,1000,1364360,403558,0,315981,87577,1115103
NO,PAC,N00039551,Ted Budd (R),R,NC13,W,51.60,831193,454,601454,10000,74686,144053,1000,2026781,1094551,16000,945009,149542,1520110
NO,PAC,N00003682,Rob Portman (R),R,OHS2,L,NA,642916,435,600416,17000,10500,15000,0,26078124,18186917,0,16881260,1305649,26642774
NO,PAC,N00028139,Mazie K Hirono (D),D,HIS2,W,69.30,1121124,583,598000,226625,72999,223500,0,4689197,2993195,0,2486596,497592,3267509
NO,PAC,N00033904,Joyce Beatty (D),D,OH03,W,73.30,715863,417,596588,93500,6275,9500,10000,970811,244098,0,231585,12513,561244
YES,PAC,N00043290,Rick Scott (R),R,FLS1,W,50.20,834159,236,594009,0,59150,181000,0,68618029,15994160,51028228,13994847,1999312,66313266
NO,PAC,N00006052,Mac Thornberry (R),R,TX13,W,81.60,624207,343,593207,20000,6000,4000,1000,1369597,710848,0,694293,16555,1365192
NO,PAC,N00007727,Earl Blumenauer (D),D,OR03,W,72.60,705441,401,591288,97500,14653,2000,0,1374537,509339,0,399339,110000,1444234
NO,PAC,N00031227,Larry Bucshon (R),R,IN08,W,64.40,662706,368,591206,23500,8500,39500,0,965433,237653,0,230200,7453,1024191
NO,PAC,N00033240,Raja Krishnamoorthi (D),D,IL08,W,66.00,973863,628,590583,254500,79580,48200,1000,5068347,4140458,8133,3956455,184003,1663009
NO,PAC,N00035527,Bruce Westerman (R),R,AR04,W,66.70,670200,425,590250,10500,17250,52200,0,1561040,889773,0,820096,69677,947196
NO,PAC,N00038781,Lloyd Smucker (R),R,PA11,W,58.60,847613,571,589069,10000,65844,179200,3500,1302707,417859,0,403832,14027,1224468
NO,PAC,N00034044,Joe Kennedy III (D),D,MA04,W,0.00,767544,429,587544,148500,20500,10000,1000,4255893,3154698,0,2369378,785320,2665498
NO,PAC,N00033839,Marc Veasey (D),D,TX33,W,76.10,806389,502,585639,200500,13750,5500,1000,1373799,563783,0,545033,18750,1267924
NO,PAC,N00002674,Sanford Bishop (D),D,GA02,W,59.60,724784,406,578630,107500,26904,9750,2000,1118203,218042,0,211615,6427,1153645
NO,PAC,N00029891,Gerry Connolly (D),D,VA11,W,71.10,793169,495,577150,180500,17099,18420,0,1923348,1068074,0,803068,265005,1000376
NO,PAC,N00007099,Ken Calvert (R),R,CA42,W,58.90,659373,354,576923,14500,38700,27500,1750,1539568,837027,0,820920,16107,1551261
NO,PAC,N00038779,Brian Fitzpatrick (R),R,PA01,W,51.30,1145745,657,576495,217000,127550,221700,3000,3081809,1318308,0,1239146,79162,2780210
NO,PAC,N00036018,Don Beyer (D),D,VA08,W,76.10,670657,420,575593,63500,19044,11520,1000,2074659,1318360,0,1194224,124136,1767491
NO,PAC,N00025445,David Kustoff (R),R,TN08,W,67.60,683211,421,574962,10500,28250,68499,1000,1695916,1041907,0,1024170,17737,1594096
NO,PAC,N00031782,Tim Scott (R),R,SCS1,L,NA,597240,383,570900,7500,5840,12000,1000,14098793,7642989,0,7216298,426687,10138991
NO,PAC,N00033508,Eric Swalwell (D),D,CA15,W,72.20,757932,470,569654,155200,32950,128,0,2766327,1833699,0,1637507,196192,2135911
NO,PAC,N00002097,Mark Warner (D),D,VAS2,L,NA,598200,352,568700,13500,14000,1000,1000,16573767,11738562,63275,10169370,1569184,17585617
NO,PAC,N00037260,Lou Correa (D),D,CA46,W,65.50,704918,492,567418,88500,29500,19500,0,1117516,400172,0,388917,11255,466281
NO,PAC,N00038414,Lisa Blunt Rochester (D),D,DE01,W,64.50,778423,494,565373,134500,38050,38500,2000,1202187,374320,1280,295780,78540,965832
NO,PAC,N00033395,Dan Kildee (D),D,MI05,W,59.50,751550,450,564750,149800,19500,17000,500,1113146,358465,0,289219,69247,966446
NO,PAC,N00031857,Steve Womack (R),R,AR03,W,64.70,613787,367,554787,3000,27000,28000,1000,1198819,527982,0,497873,30109,1183674
NO,PAC,N00037269,Brian Mast (R),R,FL18,W,54.30,1010662,580,551883,92000,114044,252735,0,5346574,3734391,0,2098372,1636019,4530173
NO,PAC,N00003689,Steve Chabot (R),R,OH01,W,51.80,753988,434,551496,3000,47489,152003,0,1578379,797185,0,729503,67682,1964323
NO,PAC,N00039090,Drew Ferguson (R),R,GA03,W,65.50,626284,420,545100,36000,11684,32500,1000,1172240,483102,0,450225,32877,1009458
NO,PAC,N00006134,Diana DeGette (D),D,CO01,W,73.80,637750,374,541550,76700,12000,7500,0,1254313,573229,0,498132,75097,1157449
NO,PAC,N00031128,Bob Gibbs (R),R,OH07,W,58.90,709388,429,540324,54000,29464,85100,500,1055843,318205,0,292084,26122,1837693
NO,PAC,N00038601,Jimmy Panetta (D),D,CA20,W,79.70,686415,456,537165,86250,43800,19200,0,1114931,434148,270,421876,12272,664822
NO,PAC,N00036403,Dan Newhouse (R),R,WA04,W,62.80,657711,401,528411,67000,28800,31000,2500,1089512,423028,0,363437,59591,965527
NO,PAC,N00035347,Barry Loudermilk (R),R,GA11,W,61.80,577395,366,527245,5000,14150,31000,0,796400,224255,0,211916,12340,476860
NO,PAC,N00036149,Debbie Dingell (D),D,MI12,W,68.10,685300,399,526300,138500,16500,3000,1000,1145816,458986,0,376509,82477,1079967
NO,PAC,N00031557,Dennis Heck (D),D,WA10,W,61.50,649750,400,525500,99000,18250,7000,0,1527723,743629,0,654426,89204,1044527
NO,PAC,N00030780,Cory Gardner (R),R,COS2,L,NA,541960,335,523750,1000,7710,9500,0,14027091,9462237,0,7680696,1781536,13489737
NO,PAC,N00003288,Bennie G Thompson (D),D,MS02,W,71.80,756198,413,520197,226000,5001,5000,0,1008890,205122,0,194947,10174,962321
NO,PAC,N00032457,Austin Scott (R),R,GA08,W,100.00,588400,352,517500,15500,20500,33900,1000,786079,195929,0,188938,6991,579098
NO,PAC,N00026790,Emanuel Cleaver (D),D,MO05,W,61.60,670200,370,514500,117700,17500,19500,1000,1036469,277928,0,242873,35055,816403
NO,PAC,N00040712,Ron Estes (R),R,KS04,W,59.40,671814,386,513064,10000,21750,126000,1000,1674880,875526,0,845368,30159,1219207
NO,PAC,N00024809,Joe Wilson (R),R,SC02,W,56.30,600443,345,513043,6000,53400,24000,4000,1097306,484384,0,438643,45741,1429534
NO,PAC,N00032416,Rob Woodall (R),R,GA07,W,50.70,614650,358,512750,14000,34700,53200,0,1089622,460022,0,421595,38427,923833
NO,PAC,N00027035,G K Butterfield (D),D,NC01,W,69.80,577633,378,510098,52500,11035,4000,0,760475,102340,0,92505,9834,880387
NO,PAC,N00035311,Mark Walker (R),R,NC06,W,56.60,572825,368,506745,10000,12500,43580,0,1216685,296499,0,275380,21119,612999
NO,PAC,N00035972,John Lee Ratcliffe (R),R,TX04,W,75.70,567680,376,505430,12000,20750,29500,0,746977,454842,0,426809,28032,489189
NO,PAC,N00031681,David McKinley (R),R,WV01,W,64.60,797256,442,504506,237250,22500,32000,1000,1209760,397560,0,381865,15695,869928
NO,PAC,N00033814,Alex Mooney (R),R,WV02,W,54.00,772909,417,501250,15000,88324,168335,0,1730187,982568,0,830268,152300,868067
NO,PAC,N00007021,Juan Vargas (D),D,CA51,W,68.90,610900,340,499900,94500,14500,2000,0,874890,185678,0,182779,2900,784216
NO,PAC,N00034277,Sean Patrick Maloney (D),D,NY18,W,55.10,799751,459,499857,165166,59628,75100,0,2524635,1675745,0,1426721,249024,3885064
NO,PAC,N00003813,Pete Visclosky (D),D,IN01,W,65.10,689149,356,497813,183600,6236,1500,0,1053669,346299,0,344693,1605,820486
NO,PAC,N00029459,Rob Wittman (R),R,VA01,W,55.20,571770,365,497270,50000,10500,13000,1000,1411558,749490,0,632097,117394,1604109
NO,PAC,N00035431,Seth Moulton (D),D,MA06,W,65.20,622251,404,496838,73000,35913,16500,0,2282922,1473438,0,1307017,166421,2417043
NO,PAC,N00007781,Peter DeFazio (D),D,OR04,W,56.00,749508,407,493425,219000,24278,12805,0,1754942,723484,0,432264,291220,1255450
NO,PAC,N00002942,Charlie Crist (D),D,FL13,W,57.60,944096,586,488815,194000,117781,143500,0,3180303,2304569,0,2169813,134756,1350097
NO,PAC,N00003473,Hal Rogers (R),R,KY05,W,78.90,535332,321,483832,23500,7500,10500,10000,836814,326774,0,322150,4624,893268
NO,PAC,N00027509,Scott Tipton (R),R,CO03,W,51.50,549995,322,481995,1000,7500,59500,0,1586296,854085,0,778952,75134,1649000
NO,PAC,N00042194,Troy Balderson (R),R,OH12,W,51.60,806050,363,479850,37000,66000,223200,0,2304530,1332981,0,1146748,186233,2128521
NO,PAC,N00027239,Daniel Lipinski (D),D,IL03,W,73.00,794085,472,479710,194000,85425,31950,3000,1498678,663819,0,553450,110369,2291278
NO,NO PAC,N00001102,Nydia M Velazquez (D),D,NY07,W,93.40,620439,348,479465,101500,11099,28000,375,954594,352469,0,310676,41793,707735
NO,PAC,N00029736,Glenn Thompson (R),R,PA15,W,67.80,571467,415,479312,23500,37305,20850,10500,1235234,642623,0,585441,57182,1309125
NO,PAC,N00000515,Peter Welch (D),D,VT01,W,67.80,609850,358,477350,111500,21000,0,0,804175,179980,0,126491,53489,627765
NO,PAC,N00009759,Rick Larsen (D),D,WA02,W,71.30,647550,402,476750,156550,13250,1000,0,1046665,288146,0,226837,61308,912718
NO,PAC,N00032029,Morgan Griffith (R),R,VA09,W,65.20,521633,264,474483,0,9000,38150,0,1059744,466169,2199,400619,65550,806320
NO,PAC,N00031559,Jaime Herrera Beutler (R),R,WA03,W,52.70,650756,378,473973,10000,56250,109533,1000,2217244,1410943,0,1061210,349732,2149451
NO,PAC,N00005736,Brian Babin (R),R,TX36,W,72.60,520655,340,469500,23500,12655,15000,0,1097370,587415,0,555887,31529,681462
NO,PAC,N00036275,John Moolenaar (R),R,MI04,W,62.60,522738,346,468925,2000,15000,35563,1250,1108421,575682,0,544588,31094,723364
NO,PAC,N00026914,Gwen Moore (D),D,WI04,W,75.60,604766,356,459350,125666,14750,5000,0,943769,257500,0,219760,37740,917086
NO,PAC,N00025292,Rob Bishop (R),R,UT01,W,61.60,532085,290,457885,36500,23000,14700,0,1195354,630353,0,613781,16573,1018637
NO,PAC,N00001373,Mike Doyle (D),D,PA18,W,100.00,648639,344,457000,173000,13639,5000,0,888214,175218,0,170882,4336,819348
NO,PAC,N00038809,Vicente Gonzalez (D),D,TX15,W,59.70,653328,390,456133,140000,41795,15400,0,1288414,594199,0,583118,11081,370729
NO,PAC,N00027060,Brian M Higgins (D),D,NY26,W,73.10,599898,409,448949,138850,6599,5500,0,977214,406475,0,360474,46001,792145
NO,PAC,N00033932,Chris Stewart (R),R,UT02,W,56.10,497711,363,446711,15000,8000,28000,0,900522,382213,0,351419,30793,800277
NO,PAC,N00030752,Jeff Duncan (R),R,SC03,W,67.80,504561,338,444731,2500,37330,20000,0,825165,317694,0,218461,99232,635732
NO,PAC,N00024817,Doug Jones (D),D,ALS1,L,NA,817452,377,442250,149000,68731,156471,1000,24436459,24051138,0,10366283,13684853,22271410
NO,PAC,N00034349,Filemon Vela (D),D,TX34,W,60.00,561243,352,440650,98500,9393,12700,0,1014611,419954,0,415990,3964,626843
NO,PAC,N00005195,Roy Blunt (R),R,MOS1,L,NA,469150,275,438650,23500,5500,0,1500,16234932,9616306,0,9263896,552415,15598876
NO,PAC,N00037515,Tom O'Halleran (D),D,AZ01,W,53.80,985777,622,437727,195000,145250,207300,500,2371428,1389078,0,1196778,192300,1985598
NO,PAC,N00006690,Maxine Waters (D),D,CA43,W,76.40,537351,252,436590,71000,19261,10500,0,1307107,515847,0,446998,68848,886869
NO,PAC,N00033640,Hakeem Jeffries (D),D,NY08,W,94.10,631016,370,436000,166917,27099,1000,0,1590774,822643,0,800929,21715,1286910
NO,PAC,N00035516,David Perdue (R),R,GAS1,L,NA,466050,261,434150,7000,8500,15400,1000,16430111,9270318,3905127,8817302,453015,15231145
NO,PAC,N00029147,Andy Harris (R),R,MD01,W,60.00,518567,314,432917,18500,27250,39900,0,1541412,1017056,0,857429,159627,1183657
NO,PAC,N00025482,Dutch Ruppersberger (D),D,MD02,W,66.00,549199,358,431850,109250,8099,0,0,941989,291416,0,257991,33425,836773
NO,PAC,N00036409,Glenn S Grothman (R),R,WI06,W,55.50,598866,408,430016,13000,58650,93200,4000,1840827,1193359,30000,1016926,176433,1237394
NO,PAC,N00042353,Tina Smith (D),D,MNS1,W,53.00,968281,386,428450,176500,82631,280700,0,8187412,6474639,5400,4036135,2438503,7258681
NO,NO PAC,N00027533,Sheldon Whitehouse (D),D,RIS1,W,61.40,967546,516,421142,167300,93724,282880,2500,6419135,4855720,0,4602744,252971,5188817
NO,PAC,N00030602,Roger Williams (R),R,TX25,W,53.60,438702,242,418952,2250,4500,11000,2000,1524304,293797,0,286635,7162,1423253
NO,PAC,N00007335,Anna Eshoo (D),D,CA18,W,72.60,493980,307,415480,68000,8000,2500,0,1326275,811049,0,758176,52873,1147886
YES,PAC,N00004614,Kevin Cramer (R),R,NDS2,W,55.40,731100,258,409900,1000,54200,266000,0,5531588,3451705,0,2994592,457113,4951051
NO,PAC,N00030770,Rick Crawford (R),R,AR01,W,69.00,461688,305,407250,2000,13157,39281,0,973708,505171,0,456975,48196,765218
NO,PAC,N00033474,Suzanne Bonamici (D),D,OR01,W,63.70,525974,359,405446,101500,14528,500,4000,998548,473951,0,380005,93946,645156
NO,PAC,N00030815,Chuck Fleischmann (R),R,TN03,W,63.70,482374,319,404499,13000,18475,46400,0,1175408,685389,0,678144,7245,440676
NO,PAC,N00037422,Darren Soto (D),D,FL09,W,58.00,775369,482,403611,146500,119857,104401,1000,1409422,586687,0,556149,30538,1352694
NO,PAC,N00025280,Tim Ryan (D),D,OH13,W,60.80,626977,349,403452,202000,17525,3000,1000,1481019,834661,0,711155,123505,1465381
NO,PAC,N00035215,Robin Kelly (D),D,IL02,W,81.10,593375,381,402850,153000,20025,17500,0,880833,291653,0,229677,61976,839965
NO,PAC,N00038285,Jodey Arrington (R),R,TX19,W,75.30,456086,315,401652,2000,12934,38500,1000,1209959,764638,0,739647,24991,884874
NO,PAC,N00007833,Adam Smith (D),D,WA09,W,67.90,527746,269,400954,91292,16500,19000,0,1271607,574206,0,539343,34863,1414188
NO,PAC,N00031177,Mark Amodei (R),R,NV02,W,58.20,472795,260,398395,9500,20000,44900,0,1148063,630917,0,620525,10392,926765
NO,PAC,N00037442,Neal Dunn (R),R,FL02,W,67.50,458883,300,395199,0,24184,38500,1000,1293720,828062,0,796120,31942,899406
NO,PAC,N00035504,Liz Cheney (R),R,WY01,W,63.70,446183,272,394499,2000,22184,27500,0,822296,318455,0,310069,8386,636518
NO,PAC,N00026961,Yvette D Clarke (D),D,NY09,W,89.30,583352,389,392642,125500,21510,42700,1000,1006011,410267,0,337800,72467,966067
NO,PAC,N00029277,Gary Peters (D),D,MIS1,L,NA,420006,275,388756,28000,1500,1000,750,12046355,8794761,0,6906191,1888562,11067670
NO,PAC,N00035307,Brendan Boyle (D),D,PA02,W,79.00,678967,398,388279,195500,59988,35200,0,1076528,321760,0,301954,19806,938197
NO,PAC,N00031958,Steven Palazzo (R),R,MS04,W,68.20,452600,300,386700,2000,14500,48400,1000,706028,201428,0,198292,3136,582529
NO,PAC,N00030581,Mike Quigley (D),D,IL05,W,76.70,525769,337,385700,98334,24235,14500,3000,1264224,626062,0,587646,38416,1184229
NO,PAC,N00005285,Pat Roberts (R),R,KSS1,L,NA,391766,261,384766,1000,0,5000,1000,7588742,3574925,46294,3278315,296608,8241539
NO,PAC,N00030490,Marcia L Fudge (D),D,OH11,W,81.90,586925,336,380750,165750,10425,20000,10000,763186,153215,0,139550,13665,590868
NO,PAC,N00036274,Paul Mitchell (R),R,MI10,W,60.30,443090,289,380590,15500,16500,30500,0,711275,239773,9018,231008,8765,690837
NO,PAC,N00002577,John Lewis (D),D,GA05,W,100.00,525525,300,380297,116000,15228,12000,2000,3227050,2856157,0,1144736,1711421,1620802
YES,PAC,N00041620,Josh Hawley (R),R,MOS2,W,51.50,900767,251,376700,5000,105367,413700,0,10162603,7899668,0,6795008,1104660,7317669
NO,PAC,N00035927,Kathleen Rice (D),D,NY04,W,61.00,443199,250,374250,42500,17949,8500,0,1302986,722680,0,638692,83988,1397794
NO,NO PAC,N00027658,Kirsten Gillibrand (D),D,NYS1,W,66.50,810018,359,370158,97000,68160,274700,0,19963828,18336061,0,11909673,6426380,11293189
NO,PAC,N00034254,Julia Brownley (D),D,CA26,W,60.10,771949,470,369249,222500,98000,81200,1000,2448858,1530597,0,1288258,242339,1579757
NO,PAC,N00000179,James P McGovern (D),D,MA02,W,67.20,573044,311,369173,173000,17718,11153,2000,1078558,502809,0,297698,205112,982794
NO,PAC,N00033316,Joaquin Castro (D),D,TX20,W,80.90,512711,317,368186,124000,19525,1000,0,893640,386891,0,310391,76500,803917
NO,PAC,N00035278,Katherine Clark (D),D,MA05,W,75.80,557878,340,367270,158000,16608,16000,0,1155138,744224,0,678138,66086,897494
NO,PAC,N00034128,Matt Cartwright (D),D,PA08,W,54.60,982549,578,365500,308000,150236,156813,2000,2248515,1234756,0,1130877,103879,1962910
NO,PAC,N00024842,Joe Courtney (D),D,CT02,W,62.10,578450,311,359950,203000,5000,9500,1000,1043337,442205,0,340964,101241,840592
NO,PAC,N00030856,John Garamendi (D),D,CA03,W,57.30,647570,435,359763,263667,12140,11000,1000,1034579,374763,0,322077,52686,769826
NO,PAC,N00028133,Douglas L Lamborn (R),R,CO05,W,57.00,450000,287,358950,1000,45050,45000,0,669186,219036,0,206226,12810,752917
NO,PAC,N00037185,Jim Banks (R),R,IN03,W,64.70,423033,312,357533,1000,21750,42750,0,921573,428773,0,346962,81811,978355
NO,PAC,N00038260,James Comer (R),R,KY01,W,68.60,410154,285,356970,8000,10684,33500,1000,687121,260138,0,253902,6236,337131
NO,PAC,N00033987,Doug LaMalfa (R),R,CA01,W,55.20,414854,244,353529,13625,13000,34700,0,923222,511290,0,489237,22053,779895
NO,PAC,N00000491,Susan Collins (R),R,MES2,L,NA,394744,297,353250,11500,23994,5000,1000,6394919,3519759,0,3349915,169844,5922385
NO,NO PAC,N00033549,Mark Pocan (D),D,WI02,W,97.40,595450,372,350200,219500,22250,3500,0,1005193,406834,0,254559,152274,821269
NO,PAC,N00026050,Lisa Murkowski (R),R,AKS2,L,NA,392816,249,347116,39500,6200,0,0,6085870,3236702,0,3131696,104806,6912471
NO,PAC,N00036633,Ralph Abraham (R),R,LA05,W,66.50,411450,287,346950,20000,13000,30500,1000,807315,471564,0,460989,10575,845171
NO,PAC,N00026823,John Kennedy (R),R,LAS2,L,NA,358567,242,345567,9000,3000,0,1000,8968314,7541571,0,7297089,244481,5903178
NO,PAC,N00039533,John Bergman (R),R,MI01,W,56.30,584668,366,345205,22500,61000,155963,0,1265717,623496,0,576450,47046,1099931
NO,PAC,N00005582,James M Inhofe (R),R,OKS2,L,NA,364540,245,344040,9500,10000,1000,0,4469950,2481312,0,2003281,478027,4620138
NO,PAC,N00033720,Richard W Allen (R),R,GA12,W,59.50,399000,238,343250,7500,14250,32000,2000,1026342,628242,0,573672,54570,918336
NO,PAC,N00033449,Val Demings (D),D,FL10,W,100.00,551619,359,338271,153500,24348,34500,1000,779334,242709,0,213166,29543,785433
NO,PAC,N00033631,Mark R Meadows (R),R,NC11,W,59.20,443300,289,334800,49000,43850,15650,0,1643847,1288306,0,780064,508242,945902
NO,PAC,N00003522,Marcy Kaptur (D),D,OH09,W,67.60,561626,318,331500,216500,9626,2000,2000,769751,182697,0,153925,28772,658102
NO,PAC,N00000939,Jerrold Nadler (D),D,NY10,W,81.20,505033,264,329509,160700,7324,7500,0,1456810,795772,0,673360,122412,1483760
NO,PAC,N00009771,Shelley Moore Capito (R),R,WVS2,L,NA,356500,256,329500,22500,2500,1000,1000,8384110,5113388,0,4737016,376369,9412891
YES,PAC,N00043207,Joseph D Morelle (D),D,NY25,W,58.60,648891,247,327125,189950,54599,60700,16517,1586847,893441,0,815195,78246,1353047
NO,PAC,N00038767,Warren Davidson (R),R,OH08,W,66.80,375933,252,324298,0,11500,40135,0,673488,281519,0,239910,41609,467735
NO,PAC,N00006897,Brad Sherman (D),D,CA30,W,72.50,442250,253,322250,111500,8500,0,0,1198205,645239,0,616540,28699,503317
NO,PAC,N00030600,Judy Chu (D),D,CA27,W,79.30,493175,314,322050,154200,14925,2000,0,1311610,772887,0,717080,55807,812392
NO,PAC,N00038742,Tom Suozzi (D),D,NY03,W,58.40,702252,457,321603,207550,76599,96500,0,2582642,1769942,0,1699927,70015,1062448
NO,PAC,N00031005,Vicky Hartzler (R),R,MO04,W,64.70,381500,274,321000,2000,21000,36500,1000,1143425,698769,0,519418,179351,882470
NO,PAC,N00037003,Trent Kelly (R),R,MS01,W,66.90,355643,234,320486,0,9657,25500,0,871175,440895,0,395673,45222,830872
NO,PAC,N00034224,Paul Cook (R),R,CA08,W,60.30,633350,353,319750,176500,42600,94500,0,909303,282637,0,272428,10210,1044063
NO,PAC,N00025175,Michael R Turner (R),R,OH10,W,56.20,476650,282,319650,71000,43000,41000,2000,1145485,580694,0,543477,37217,1117202
NO,PAC,N00001024,Nita M Lowey (D),D,NY17,W,87.90,463576,265,318400,100000,43176,2000,0,1453507,1003883,0,960509,43374,1182125
NO,PAC,N00012460,William L Clay Jr. (D),D,MO01,W,80.10,471500,295,317000,118000,21000,14500,1000,656572,83229,0,79058,4171,692767
NO,PAC,N00039106,Mike Johnson (R),R,LA04,W,64.20,394899,263,315499,8000,29900,40500,1000,1142587,682837,0,654267,28570,750305
NO,PAC,N00002593,Johnny Isakson (R),R,GAS2,L,NA,320000,225,311000,7000,2000,0,0,10678195,6723748,0,6396094,327654,11004581
NO,PAC,N00039777,John Rutherford (R),R,FL04,W,65.20,358658,225,307499,9500,15159,26500,0,805304,464645,0,457330,7315,421492
NO,PAC,N00009975,Lindsey Graham (R),R,SCS2,L,NA,337300,175,305000,6200,10100,16000,0,10773792,8029729,0,7772787,256938,10680266
NO,PAC,N00027514,Kathy Castor (D),D,FL14,W,100.00,365867,235,304867,51000,9000,0,1000,717143,349077,0,293973,55104,626401
NO,PAC,N00029662,Bill Posey (R),R,FL08,W,60.50,326639,201,304609,3500,12500,6030,0,875910,548503,0,494976,53527,774828
NO,PAC,N00007724,Ron Wyden (D),D,ORS2,L,NA,306160,187,303660,1500,1000,0,0,13496207,8344871,0,7065356,1279512,10754483
NO,PAC,N00036999,Anthony Brown (D),D,MD04,W,78.10,501064,369,302632,136833,36599,25000,0,787671,279838,0,264654,15184,465907
NO,PAC,N00007999,Don Young (R),R,AK01,W,53.10,478911,277,300411,130500,13000,34000,1000,1035679,555031,0,513967,41064,1154241
NO,PAC,N00040597,Jimmy Gomez (D),D,CA34,W,73.40,679016,339,300369,267400,75747,35500,0,1459745,722938,5000,666392,56546,1318832
NO,PAC,N00029513,Andre Carson (D),D,IN07,W,64.90,495975,280,300200,173000,17275,2500,3000,938115,424227,0,391010,33216,881817
NO,PAC,N00032546,Ron Johnson (R),R,WIS2,L,NA,341000,227,300000,24000,1000,16000,0,20234190,17361756,0,14192052,3169698,19826699
NO,PAC,N00007479,Zoe Lofgren (D),D,CA19,W,72.90,368711,221,291011,57700,5500,15000,-500,1564430,945638,0,912903,32735,1688454
NO,PAC,N00030612,Marco Rubio (R),R,FLS2,L,NA,310150,247,286750,18000,3600,1800,0,22259426,16273234,0,11652306,4620926,19736016
NO,PAC,N00002260,David Price (D),D,NC04,W,72.30,447983,272,284258,149500,9725,2500,2000,850934,403984,0,329480,74504,846346
NO,PAC,N00001971,Elijah E Cummings (D),D,MD07,W,76.40,513499,304,282900,218500,10099,2000,0,1037812,423491,0,335338,88153,1086386
NO,PAC,N00026631,Jeff Fortenberry (R),R,NE01,W,60.50,353150,240,279500,23000,28000,22650,0,722775,358713,0,333940,24773,419857
NO,PAC,N00000615,Rosa L DeLauro (D),D,CT03,W,64.40,557245,316,278045,223700,38500,8500,8500,1199923,644953,0,530174,114779,1134292
YES,PAC,N00042868,Kelly Armstrong (R),R,ND01,W,60.30,373799,155,277399,0,16500,78900,1000,1630497,936169,301683,874268,61902,1434280
NO,PAC,N00029258,Duncan D Hunter (R),R,CA50,W,53.00,449851,261,277035,54166,22750,95900,0,1081111,588103,0,513076,75027,1594911
NO,PAC,N00035187,Mike Rounds (R),R,SDS2,L,NA,293098,179,275348,7000,750,10000,0,5809349,3706286,9599,3459567,246717,5841969
NO,PAC,N00035825,Ted Lieu (D),D,CA33,W,69.20,402300,256,275050,92000,27250,7000,1000,1681094,1234286,0,1141630,92655,912599
NO,PAC,N00004884,Danny K Davis (D),D,IL07,W,87.60,393875,251,274350,99000,12025,8500,0,430014,44257,0,35464,8793,547265
NO,PAC,N00001193,Pete King (R),R,NY02,W,53.30,458008,272,273208,159500,15800,8500,1000,1165952,706508,0,613084,93424,1556278
NO,PAC,N00012942,Betty McCollum (D),D,MN04,W,66.00,417330,257,272630,111000,15000,8700,10000,859249,408849,0,324875,83974,865058
NO,PAC,N00026106,Debbie Wasserman Schultz (D),D,FL23,W,58.50,433161,219,272161,112500,38000,9500,1000,1973238,1398215,0,1047812,350404,1577915
NO,PAC,N00009585,Adam Schiff (D),D,CA28,W,77.40,407963,256,271250,105505,28500,3208,-500,5888640,4670249,0,2876196,1794053,3422854
NO,PAC,N00036097,Ruben Gallego (D),D,AZ07,W,85.70,474790,291,266990,137500,59000,10300,1000,971220,447069,0,346506,100563,870142
NO,PAC,N00009724,Jim Langevin (D),D,RI02,W,63.50,469361,308,266611,175750,11000,16000,0,1049378,567476,300,539443,28032,663283
NO,PAC,N00033054,Steven Daines (R),R,MTS2,L,NA,289733,196,265196,11000,6500,7037,0,8477944,5049003,0,4099694,949303,7368372
NO,PAC,N00034120,Scott Perry (R),R,PA10,W,51.30,341599,223,264849,6000,23750,47000,0,1173664,705408,10000,540517,164891,934237
NO,PAC,N00001003,Eliot L Engel (D),D,NY16,W,0.00,409581,268,264750,84500,46331,13000,1000,1451958,1028677,0,1022558,6119,1927576
NO,PAC,N00030642,Al Lawson (D),D,FL05,W,66.80,375924,214,263924,64500,20500,27000,0,580438,204138,0,178519,25619,563097
NO,PAC,N00037015,Salud Carbajal (D),D,CA24,W,56.60,716824,455,263885,140500,159238,153201,0,2633764,1890967,0,1747283,143683,1498581
NO,PAC,N00041221,John Curtis (R),R,UT03,W,67.50,422950,189,263750,2000,47500,109700,0,1512374,982235,25000,925460,56775,1332565
NO,PAC,N00034068,Brenda Lawrence (D),D,MI14,W,80.90,491672,321,263373,202999,13300,9500,2500,797926,236862,0,196976,39886,472948
NO,PAC,N00027848,Hank Johnson (D),D,GA04,W,78.80,427277,264,262999,144500,10778,7500,1500,460415,37265,0,33175,4090,404046
NO,PAC,N00035451,Alma Adams (D),D,NC12,W,72.00,405202,270,260177,99000,28025,17000,1000,522988,129513,0,106741,22772,471865
NO,PAC,N00002893,Lois J Frankel (D),D,FL21,W,100.00,448618,253,260118,171500,17000,0,0,925861,478664,0,415145,63519,765302
NO,PAC,N00030829,Kenneth R Buck (R),R,CO04,W,60.60,301430,190,259400,4000,12500,25530,0,576112,295722,0,277015,18707,585326
NO,PAC,N00040733,Greg Gianforte (R),R,MT01,W,51.10,439054,242,257000,22000,46054,114000,0,9276778,6169559,2500000,4950278,1219281,8632559
NO,PAC,N00035544,Ben Sasse (R),R,NES2,L,NA,267872,213,256872,2000,4000,5000,0,8204576,5932616,113000,4610868,1321743,7059010
NO,PAC,N00027894,Jim Jordan (R),R,OH04,W,65.40,313235,204,254385,8000,39700,11150,0,790555,511432,0,415557,95875,1128674
NO,PAC,N00030670,Todd Young (R),R,INS2,L,NA,271150,173,253400,1250,2500,10000,4000,11050619,7624182,0,6382612,526131,11539177
YES,PAC,N00041956,Greg Pence (R),R,IN06,W,63.80,376250,155,253200,0,54150,68900,0,2463333,1937446,0,1437502,499943,2064992
NO,PAC,N00031933,Bill Keating (D),D,MA09,W,59.30,506010,277,251760,196250,21500,36500,0,1165316,559979,0,439931,120048,453653
NO,PAC,N00039293,Andy Biggs (R),R,AZ05,W,59.40,290999,237,250999,8500,14000,17500,0,586651,320491,0,303737,16754,352602
NO,PAC,N00039327,Donald McEachin (D),D,VA04,W,62.60,377829,249,250730,83500,19599,24000,0,815324,365992,0,329053,36939,822859
NO,PAC,N00033363,Tom Cotton (R),R,ARS1,L,NA,268780,166,250380,0,12000,6400,0,17199479,12518749,0,9332709,3186037,15507963
NO,PAC,N00005282,Jerry Moran (R),R,KSS2,L,NA,276450,168,249950,14000,1500,10000,1000,6447765,2995946,0,2824673,171271,5403307
NO,PAC,N00031777,Tom Marino (R),R,PA12,W,66.00,326411,190,249911,14500,17500,44500,0,745050,330151,0,321340,8811,762459
NO,PAC,N00007876,Patty Murray (D),D,WAS2,L,NA,298910,165,249250,45010,1650,0,3000,14350374,9758759,0,7584135,2174616,11916905
NO,PAC,N00035691,Gary Palmer (R),R,AL06,W,69.30,293849,164,248449,1000,18900,25500,0,1166822,285210,0,280080,5130,1298453
YES,PAC,N00041871,Guy Reschenthaler (R),R,PA14,W,58.00,417051,184,247900,74500,41500,53151,0,894651,458729,0,330295,128434,779746
NO,PAC,N00039503,Matt Gaetz (R),R,FL01,W,67.10,276499,203,243499,1000,16500,15500,0,1081540,822715,0,721732,100983,920912
NO,PAC,N00003132,Jim Cooper (D),D,TN05,W,67.90,291558,205,242558,31250,17250,500,0,521586,200415,0,185835,14580,712807
NO,PAC,N00042056,Debbie Lesko (R),R,AZ08,W,55.60,471735,215,241150,11000,69020,148065,2500,1901338,1329750,26704,830255,499494,1536926
NO,PAC,N00035774,Dan Sullivan (R),R,AKS1,L,NA,280502,160,240252,14500,10750,15000,0,9235219,6801810,600,6362473,439336,8451849
NO,PAC,N00031877,Karen Bass (D),D,CA37,W,88.70,329847,217,233347,78200,10300,7000,1000,790344,462936,0,411105,51832,732976
NO,PAC,N00035483,Joni Ernst (R),R,IAS2,L,NA,240000,172,232500,2000,500,5000,0,14467116,10739613,2600,7927042,2814570,13165844
NO,PAC,N00028138,Brian Schatz (D),D,HIS1,L,NA,268700,191,230700,34500,3500,0,0,10740411,7544641,0,6996724,547702,8111088
NO,PAC,N00037019,Nanette Barragan (D),D,CA44,W,69.50,503133,328,228983,166500,60950,46700,0,1440655,925509,0,793628,131881,805859
NO,PAC,N00028073,John A Yarmuth (D),D,KY03,W,62.10,387005,205,228477,141000,15528,1000,1000,833090,420066,0,347562,72504,644807
NO,PAC,N00033539,Randy Weber (R),R,TX14,W,59.30,264307,178,227727,3500,9550,23530,0,692907,422970,0,405475,17495,590632
NO,PAC,N00031129,James Lankford (R),R,OKS1,L,NA,254900,206,226900,21000,3000,3000,1000,7808220,5376487,0,4728637,647846,7520146
YES,PAC,N00041731,Mike Braun (R),R,INS1,W,50.70,540116,154,226266,0,66850,247000,0,16148137,5288367,9614377,4489612,798754,14760273
NO,PAC,N00009888,Lamar Alexander (R),R,TNS2,L,NA,239700,150,226200,2500,-2000,10000,3000,7974717,4785170,5200,4659799,125371,8637124
YES,PAC,N00040829,Kevin Hern (R),R,OK01,W,59.30,291000,112,224500,0,9000,57500,0,2701547,972064,777700,943481,28583,2539086
YES,PAC,N00027709,Van Taylor (R),R,TX03,W,54.30,311950,143,222000,0,19250,70700,0,3404572,980446,2136908,942463,37983,1647740
NO,PAC,N00031317,Ted Deutch (D),D,FL22,W,62.00,341950,179,221000,59000,56950,4000,1000,1183543,865293,0,830393,34901,994896
NO,PAC,N00034639,Donald M Payne Jr. (D),D,NJ10,W,0.00,377484,256,220834,141600,10050,5000,0,537180,97542,0,92375,5167,553190
NO,PAC,N00033274,Alan Lowenthal (D),D,CA47,W,63.60,418133,276,220300,184833,13000,0,0,680471,257410,0,223382,34028,524907
NO,PAC,N00033220,Ted Yoho (R),R,FL03,W,57.60,269500,154,220000,2000,22500,22000,3000,800406,549140,0,508928,40211,578601
NO,PAC,N00027783,Ralph Norman (R),R,SC05,W,57.00,338700,171,218000,2000,32500,86200,0,2491274,1509174,595000,1338988,170186,1704895
NO,PAC,N00038450,Dwight Evans (D),D,PA03,W,93.40,379626,224,214318,136000,10308,19000,0,1069069,683293,0,614939,68354,1051140
NO,PAC,N00024790,Jeanne Shaheen (D),D,NHS2,L,NA,235950,164,210950,23750,250,1000,0,16459780,13298342,0,8768679,4529655,16481434
NO,PAC,N00000270,Ed Markey (D),D,MAS2,L,NA,268490,161,210290,54200,4000,0,0,20860124,17351211,0,13684689,3666506,19571271
NO,PAC,N00031688,John Hoeven (R),R,NDS1,L,NA,219197,145,209660,3500,3000,2037,1000,3852166,1720594,100000,1580261,140332,2793107
NO,PAC,N00030191,Dina Titus (D),D,NV01,W,66.20,368438,187,209546,146500,5892,5500,1000,644309,243117,0,197907,45210,646890
NO,PAC,N00034547,Grace Meng (D),D,NY06,W,90.80,349423,202,207794,95000,36629,10000,0,1166461,826776,0,783519,43257,1297406
NO,PAC,N00003225,Steve Cohen (D),D,TN09,W,79.90,313958,211,207250,89000,16208,0,1500,520917,157569,0,151450,6119,398835
NO,PAC,N00036107,Norma Torres (D),D,CA35,W,67.60,358547,222,204031,114500,31016,9000,0,602194,236174,0,224925,11249,560336
NO,PAC,N00030910,Mo Brooks (R),R,AL05,W,61.10,267900,151,202600,6000,27300,31000,1000,1504780,1216500,0,851274,365225,1981632
NO,PAC,N00004887,Bobby L Rush (D),D,IL01,W,73.50,268025,176,200000,59000,2025,7000,0,346188,29688,0,28875,813,299877
NO,PAC,N00002884,Alcee L Hastings (D),D,FL20,W,100.00,354150,195,197500,70500,39150,47000,0,755766,380127,0,356216,23911,778813
NO,PAC,N00009604,Susan A Davis (D),D,CA53,W,67.40,239500,165,190800,28000,14700,1000,5000,389381,97540,0,79240,18300,447965
NO,PAC,N00008046,Barbara Lee (D),D,CA13,W,88.40,366088,191,190700,139250,17125,17013,2000,1629539,1290651,0,936904,353747,1554099
NO,PAC,N00030650,Frederica Wilson (D),D,FL24,W,0.00,325268,216,188816,119500,8464,7488,1000,346352,27487,0,23050,4437,317561
NO,PAC,N00029649,Jackie Speier (D),D,CA14,W,77.50,267129,168,186929,71700,8500,0,0,900870,604889,0,574789,30100,595550
NO,PAC,N00036158,Bonnie Coleman (D),D,NJ12,W,68.50,413550,252,185500,190800,16750,20500,0,827181,429239,0,355972,73266,634008
YES,PAC,N00041690,Anthony Gonzalez (R),R,OH16,W,56.80,294500,141,181500,7500,15500,90000,0,1822071,1257994,140000,1203347,54647,1441400
NO,PAC,N00026926,Jerry McNerney (D),D,CA09,W,55.40,319202,209,180982,118270,17950,0,2000,1138623,736471,0,621940,114531,714048
YES,PAC,N00042282,Sylvia Garcia (D),D,TX29,W,75.10,462615,192,177807,161500,62608,60700,0,1089058,573618,3130,518623,54995,780923
NO,PAC,N00008122,Eddie Bernice Johnson (D),D,TX30,W,91.10,284610,171,175900,78700,14510,14500,1000,469131,168510,0,164950,3560,246617
NO,PAC,N00004724,Jan Schakowsky (D),D,IL09,W,73.50,388950,222,175900,171800,37750,2000,1500,1485581,1099412,0,855909,243503,1357122
YES,PAC,N00042164,Jeff Van Drew (D),D,NJ02,W,52.30,388050,156,173950,117500,42100,54000,500,1664929,1046744,0,944041,102703,1477917
NO,PAC,N00039953,Clay Higgins (R),R,LA03,W,55.70,260813,159,172230,3500,20083,65000,0,813074,541474,0,508188,33286,742897
NO,NO PAC,N00032019,David Cicilline (D),D,RI01,W,66.70,368390,210,170090,147500,29300,21500,0,1517757,1082206,0,1022644,59562,1312147
NO,PAC,N00006023,Lloyd Doggett (D),D,TX35,W,71.20,335275,179,169150,153000,13125,0,0,950139,524997,0,493373,31624,394271
NO,PAC,N00033030,Jared Huffman (D),D,CA02,W,74.30,316773,221,168879,121884,14010,10000,2000,859892,529426,0,451727,77700,638750
NO,PAC,N00030771,Paul Gosar (R),R,AZ04,W,68.20,192425,96,168450,0,6975,17000,0,531152,334397,0,260279,74118,435841
YES,PAC,N00040559,Dusty Johnson (R),R,SD01,W,60.30,259175,132,168175,3500,21000,65500,1000,1535797,1208056,41757,1078290,129766,1263644
NO,PAC,N00027860,Tammy Duckworth (D),D,ILS2,L,NA,223700,163,159250,52250,3000,9200,0,18404059,14593063,0,8445504,6147550,17671312
YES,PAC,N00042224,Dan Crenshaw (R),R,TX02,W,52.90,271777,144,158600,7500,30977,74700,0,1621035,1337341,156,1167995,169346,1382008
NO,PAC,N00031820,Chris Coons (D),D,DES2,L,NA,161500,100,158000,2500,1000,0,0,5643013,3434132,70509,3168116,266010,6036315
NO,PAC,N00006671,Lucille Roybal-Allard (D),D,CA40,W,77.70,322300,173,157300,156500,7000,1500,0,498783,179410,0,173495,5915,487743
NO,PAC,N00013873,John Boozman (R),R,ARS2,L,NA,163750,90,154750,7000,2000,0,0,4884421,2544194,0,2355232,188961,4501572
NO,PAC,N00032243,Jody B Hice (R),R,GA10,W,62.90,183270,101,154500,0,15770,13000,0,624688,439018,0,417291,21727,533609
NO,PAC,N00006789,Grace Napolitano (D),D,CA32,W,67.40,262000,175,154000,102000,6000,0,0,365336,85937,0,83602,2335,173085
YES,PAC,N00042715,William Timmons (R),R,SC04,W,59.60,213450,91,153950,0,18500,41000,0,1278207,394023,661234,380232,13791,1202829
NO,PAC,N00037161,Catherine Cortez Masto (D),D,NVS2,L,NA,172971,103,152541,9500,6630,4300,0,21435995,18140070,0,11866462,7173600,19809928
YES,PAC,N00042237,Lance Gooden (R),R,TX05,W,62.40,201800,89,152300,2000,7500,40000,0,859489,570069,0,556634,13435,706256
NO,PAC,N00006863,Tom McClintock (R),R,CA04,W,54.70,194200,111,152200,0,9000,33000,0,1603693,1426558,0,1040508,386050,1458746
NO,PAC,N00002147,Bobby Scott (D),D,VA03,W,91.20,318507,160,150158,143000,4849,16500,4000,566374,185515,0,147397,38118,535667
YES,PAC,N00029416,Dan Meuser (R),R,PA09,W,59.80,225525,100,150025,11000,18500,46000,0,1871213,487347,1161442,459810,27538,1810564
NO,PAC,N00001758,Chuck Grassley (R),R,IAS1,L,NA,148253,114,147250,1000,3,0,0,9789491,5897778,0,4672542,1225233,10494358
NO,PAC,N00004291,F James Sensenbrenner Jr. (R),R,WI05,W,61.90,175250,108,145500,0,7250,21500,1000,354375,167014,1700,111660,55355,450230
NO,PAC,N00002299,Walter B Jones Jr. (R),R,NC03,W,100.00,186970,127,145000,22750,15520,3700,0,554843,357624,3000,310780,46844,522671
YES,PAC,N00043379,Bryan Steil (R),R,WI01,W,54.60,308100,124,144200,0,48650,115250,0,1863642,1352150,796,1176834,175316,1561459
YES,PAC,N00038734,Jacky Rosen (D),D,NVS1,W,50.40,1080994,457,142468,253000,243325,440701,1500,21247237,18566537,0,11882906,6683628,20493644
YES,PAC,N00042808,Greg Steube (R),R,FL17,W,62.30,208400,95,136200,2500,29200,40500,0,767125,544725,0,460160,84565,583442
YES,PAC,N00040949,Chrissy Houlahan (D),D,PA06,W,58.90,533868,250,133850,88200,169287,142531,0,4025316,2902585,50000,2440480,462105,2355484
YES,PAC,N00041335,Russ Fulcher (R),R,ID01,W,62.70,217600,110,131600,0,36000,50000,0,813088,593432,0,552280,41152,801816
NO,PAC,N00030709,Mark Desaulnier (D),D,CA11,W,73.20,318850,200,130850,176500,6500,0,5000,541777,224177,0,174605,49572,436452
YES,PAC,N00043242,John Joyce (R),R,PA13,W,70.50,300676,137,130500,19500,32944,117732,0,1410470,193560,906423,179550,14010,1270176
NO,NO PAC,N00035267,Cory Booker (D),D,NJS2,L,NA,164550,110,130250,18000,13800,1000,1500,25573114,20574339,0,17614819,2959511,21448306
NO,PAC,N00026335,Daniel Webster (R),R,FL11,W,65.20,140999,97,128999,0,4500,7500,0,567873,424643,0,355047,69596,440816
NO,PAC,N00034549,Adriano Espaillat (D),D,NY13,W,94.60,313188,219,128839,127000,32349,24000,1000,765539,432148,0,411968,20180,493845
NO,PAC,N00027523,Albio Sires (D),D,NJ08,W,0.00,273575,178,125500,135100,10975,2000,0,453800,162367,0,160522,1845,560419
NO,PAC,N00004981,Dick Durbin (D),D,ILS1,L,NA,160250,124,125000,29000,6250,0,0,10455020,7525568,0,5720086,1805473,11362564
NO,PAC,N00005818,Sheila Jackson Lee (D),D,TX18,W,75.20,247275,152,117000,112900,14375,2000,1000,686423,445015,0,438105,6910,558165
NO,PAC,N00034041,Thomas Massie (R),R,KY04,W,62.20,120890,90,113890,0,4750,2250,0,313399,161415,0,146653,14762,322695
YES,PAC,N00041702,Veronica Escobar (D),D,TX16,W,68.30,357501,171,112000,104750,78051,62700,0,1340403,930038,0,802328,127710,1100363
NO,PAC,N00013855,Stephen F Lynch (D),D,MA08,W,0.00,290533,146,110700,155333,5000,19500,0,841011,529361,0,485947,43414,484718
NO,PAC,N00025237,Steven A. King (R),R,IA04,W,50.40,166128,112,109918,0,43710,12500,0,736629,527765,0,356402,171364,686920
NO,PAC,N00030957,Scott Desjarlais (R),R,TN04,W,63.40,200350,94,108950,0,16000,75400,0,510236,307785,0,300404,7381,188144
NO,PAC,N00000362,Jack Reed (D),D,RIS2,L,NA,148750,112,106500,40750,1000,500,0,4362820,2221632,0,2075776,145853,4614304
YES,PAC,N00041511,Pete Stauber (R),R,MN08,W,50.70,291100,119,106500,12500,33700,138400,0,1561954,1124776,0,921996,202780,1192176
YES,PAC,N00031390,Jim Hagedorn (R),R,MN01,W,50.20,273352,124,103927,0,48175,121250,0,1355111,1093077,0,986212,106865,1180515
NO,PAC,N00030608,Michael F Bennet (D),D,COS1,L,NA,118750,84,103000,11000,0,2750,2000,17474031,11991638,7400,9795640,1845455,16272953
NO,PAC,N00037036,Jamie Raskin (D),D,MD08,W,68.20,268529,173,102330,128500,27199,9500,1000,1107434,783591,2230,594371,189221,810670
YES,PAC,N00041750,Greg Stanton (D),D,AZ09,W,60.90,331038,144,97000,98500,76338,58700,500,2316397,1916847,0,1662680,254167,2157566
YES,PAC,N00042268,Chip Roy (R),R,TX21,W,50.30,252695,122,96300,0,55350,101045,0,1687647,1429178,1309,1214217,214961,1216205
NO,PAC,N00035000,Stacey Plaskett (D),D,VI00,W,98.40,203389,142,93389,78500,14500,17000,0,339979,139862,0,127900,11962,311170
NO,PAC,N00006701,Mark Takano (D),D,CA41,W,61.10,245400,112,90800,141750,5450,6400,1000,1015568,702197,0,624139,78058,881424
YES,PAC,N00042458,Michael Patrick Guest (R),R,MS03,W,62.30,134800,49,90200,0,6900,37700,0,863282,648782,30000,611456,37326,811288
YES,PAC,N00042240,Ron Wright (R),R,TX06,W,53.10,165745,83,88745,0,19500,57500,0,574638,411068,0,379049,32018,511262
NO,PAC,N00013817,Chellie Pingree (D),D,ME01,W,0.00,264099,150,87500,113000,31599,32000,0,769810,478228,0,313042,165186,1068186
YES,PAC,N00042296,Ben Cline (R),R,VA06,W,59.70,142200,58,86700,0,7500,48000,0,832352,590199,0,522087,68112,641119
NO,NO PAC,N00025284,Raul M Grijalva (D),D,AZ03,W,63.90,242500,137,86000,130500,23000,3000,0,632548,390608,0,219166,171442,578179
YES,PAC,N00033638,Steven Horsford (D),D,NV04,W,52.00,451852,209,85850,122500,128802,113700,1000,1850264,1082479,2500,990842,91637,1462012
NO,PAC,N00031696,Mike Lee (R),R,UTS2,L,NA,92300,78,84300,2000,4000,2000,0,6021387,4686444,0,3824880,861559,5772999
NO,PAC,N00006249,Mike Enzi (R),R,WYS2,L,NA,84000,61,84000,0,0,0,0,3505084,1432915,0,1379214,50731,3363083
NO,PAC,N00041882,Michael Cloud (R),R,TX27,W,60.30,166057,89,83307,1000,30250,51500,0,662234,502727,0,463913,38814,496659
NO,PAC,N00001692,Eleanor Holmes Norton (D),D,DC00,W,87.60,261002,131,83002,169000,8500,0,500,415028,103028,0,92950,10078,459192
NO,PAC,N00001813,Jose E Serrano (D),D,NY15,W,96.00,168161,108,76250,78250,3661,10000,0,232916,68353,0,64779,3575,224662
NO,PAC,N00009918,Patrick Leahy (D),D,VTS2,L,NA,79600,56,74100,4500,1000,0,0,4819989,3063784,0,2897396,166387,4750490
YES,PAC,N00043319,Ross Spano (R),R,FL15,W,53.00,154200,68,73700,2000,25500,53000,0,581690,323990,99500,305571,18419,513254
NO,PAC,N00009816,Chris Smith (R),R,NJ04,W,55.50,315550,186,72850,170500,42500,29700,0,1175192,806011,0,608263,197749,999174
YES,PAC,N00041542,Carol Miller (R),R,WV03,W,56.40,136700,50,70500,2500,23000,40700,0,1568226,758924,520400,725305,33619,1292642
NO,PAC,N00026686,Al Green (D),D,TX09,W,89.10,166365,103,69590,82000,10775,4000,0,545427,375183,400,365667,9516,489403
NO,PAC,N00038397,Maggie Hassan (D),D,NHS1,L,NA,86500,84,69500,17000,0,0,0,19623540,17031375,0,11128845,5902521,19300118
YES,PAC,N00041154,Mikie Sherrill (D),D,NJ11,W,56.20,344320,157,68200,66320,89650,120150,0,7574500,5973796,1800,4848697,1125099,5852327
YES,PAC,N00042149,Andy Levin (D),D,MI09,W,59.70,365160,148,65500,172500,56160,71000,0,1287528,909943,150,808089,101854,1236135
NO,PAC,N00006561,Tom Udall (D),D,NMS2,L,NA,76000,42,65500,8000,2500,0,0,8622734,6725953,0,4969111,1756829,8492946
YES,PAC,N00037247,Susie Lee (D),D,NV03,W,51.90,505288,243,64600,164000,142088,134600,0,4571517,3123047,11045,2842278,280768,4351833
NO,PAC,N00026148,Louis B Gohmert Jr. (R),R,TX01,W,72.30,88607,76,64027,1500,12380,10700,0,817643,719863,0,654516,65347,746658
YES,PAC,N00041873,Mark Green (R),R,TN07,W,66.90,101950,41,63700,0,22250,16000,0,1823717,1179483,420025,1132264,47219,1448836
NO,PAC,N00001093,Charles E Schumer (D),D,NYS2,L,NA,85500,58,63000,11000,10500,0,1000,23948960,18301813,0,17757317,544482,24119569
NO,PAC,N00029441,James E Risch (R),R,IDS1,L,NA,63989,44,62989,0,1000,0,0,2363445,1253051,0,895386,357664,1545755
NO,PAC,N00031685,Richard Blumenthal (D),D,CTS2,L,NA,71750,52,60250,10500,0,0,1000,8968807,6696229,173,5905367,790858,5885104
YES,PAC,N00042126,Steve Watkins (R),R,KS02,W,47.60,186950,83,59500,0,21200,105750,500,1036778,401103,475101,371640,29463,816944
YES,PAC,N00042403,Michael Waltz (R),R,FL06,W,56.30,201387,92,56000,0,67687,77700,0,1702312,1084833,400000,1037054,47779,1441234
YES,PAC,N00040888,Abby Finkenauer (D),D,IA01,W,50.90,526020,240,54500,174250,133815,160955,2500,3885166,3155514,0,2472822,682692,3323879
YES,PAC,N00041080,Joseph Neguse (D),D,CO02,W,60.30,276698,130,50500,88000,71198,67000,0,1197573,796921,920,662419,134502,968132
NO,PAC,N00002221,Richard Burr (R),R,NCS2,L,NA,54000,44,50500,0,0,0,3500,12809607,7024338,0,6512316,512019,9506925
YES,PAC,N00029260,Ann Kirkpatrick (D),D,AZ02,W,54.70,431116,226,49300,149000,114616,118200,0,4043760,2746283,2700,1947657,798626,3232417
YES,PAC,N00042811,Donna Shalala (D),D,FL27,W,51.80,179233,70,48000,30000,63233,38000,0,3402023,2570909,531903,2424024,146885,2942871
NO,PAC,N00030836,Rand Paul (R),R,KYS2,L,NA,62513,37,46100,0,16413,0,0,11202157,7874668,0,3524298,4350358,11053166
YES,PAC,N00041954,Jim Baird (R),R,IN04,W,64.10,104250,55,44250,0,22000,38000,0,527645,153347,221100,137876,15471,407129
NO,PAC,N00029303,Jeff Merkley (D),D,ORS1,L,NA,52432,40,43732,8700,0,0,0,14146502,12033077,0,6008969,6024096,13130086
NO,NO PAC,N00038858,Pramila Jayapal (D),D,WA07,W,83.60,290084,166,42884,192500,37200,17500,0,2050604,1715222,0,1323497,391725,1303602
YES,PAC,N00041599,John Rose (R),R,TN06,W,69.50,43200,22,41200,0,1000,1000,0,2892201,748701,250000,736211,12490,2831631
YES,NO PAC,N00040933,Debra Haaland (D),D,NM01,W,59.00,277390,150,35450,68000,93240,76700,4000,1928396,1613749,3005,1260471,353278,1785368
YES,PAC,N00035491,Mark Harris (R),R,NC09,W,49.40,162200,73,35400,0,36800,90000,0,1841836,1495930,4005,1335533,160397,1675653
YES,PAC,N00042894,Madeleine Dean (D),D,PA04,W,63.50,206175,99,35250,80957,47968,42000,0,1217989,587198,229429,499401,87797,1087976
NO,NO PAC,N00036915,Kamala D Harris (D),D,CAS1,L,NA,30626,33,35121,-1000,-3495,0,0,21500969,19802613,0,12806040,6996568,19786038
YES,PAC,N00043541,Denver Riggleman (R),R,VA05,W,53.20,103650,38,34000,0,16250,53400,0,1405852,1203589,0,1079160,124429,976505
YES,PAC,N00042114,Jesus Garcia (D),D,IL04,W,86.60,249083,96,33550,122500,37033,56000,0,793680,493544,0,406059,87484,758462
YES,PAC,N00040915,Haley Stevens (D),D,MI11,W,51.80,341905,157,31800,111933,91546,106626,0,3556174,2789464,0,2249032,540432,3086490
YES,NO PAC,N00042467,Xochitl Torres Small (D),D,NM02,W,50.70,459399,215,31000,117500,158850,152049,0,3791739,3097880,0,2442646,655234,2788545
YES,NO PAC,N00041385,Anthony Brindisi (D),D,NY22,W,50.30,400372,192,28750,158500,91172,121950,0,3815054,2900111,0,1915277,984834,3522202
YES,NO PAC,N00041606,Kim Schrier (D),D,WA08,W,52.40,123683,46,27000,49000,33183,14500,0,6928581,6122951,5400,4843634,1279317,5365208
YES,PAC,N00042706,Mary Gay Scanlon (D),D,PA05,W,63.20,103802,45,26000,24000,23562,30240,0,1784378,1211840,0,1082301,129539,1367869
YES,PAC,N00041594,Tim Burchett (R),R,TN02,W,65.90,55500,29,25500,2500,4000,23500,0,967915,895394,0,892025,3369,786676
YES,NO PAC,N00043421,Jahana Hayes (D),D,CT05,W,55.80,261599,116,24500,62000,82049,93050,0,1599389,1282638,0,955379,327259,791989
YES,PAC,N00025882,Ed Case (D),D,HI01,W,70.30,29000,10,24000,5000,0,0,0,561545,338059,151286,286707,51352,481431
NO,PAC,N00013820,Chris Van Hollen (D),D,MDS2,L,NA,18510,30,22510,-5000,0,0,1000,12318234,8909581,0,7986549,923029,12094512
NO,PAC,N00009920,Richard C Shelby (R),R,ALS2,L,NA,17500,28,19500,0,-2000,0,0,4123729,1728741,0,1718186,10555,11962380
NO,NO PAC,N00041870,Conor Lamb (D),D,PA17,W,56.30,520297,219,19000,306550,86244,108503,0,8761547,7996132,0,3970093,4026039,8034551
NO,NO PAC,N00033281,Tulsi Gabbard (D),D,HI02,W,74.00,35900,48,17900,11000,6000,1000,0,1314395,1302148,0,783291,518857,1270906
YES,NO PAC,N00041997,Susan Wild (D),D,PA07,W,53.50,353255,169,16750,86620,142864,107021,0,2844401,1968933,18598,1504029,464904,2326095
NO,PAC,N00037615,Jenniffer Gonzalez (3),3,PR00,L,NA,26700,20,13700,2000,4000,7000,0,88099,63399,0,63399,0,58738
YES,NO PAC,N00041357,Elissa Slotkin (D),D,MI08,W,50.60,270886,127,12500,91000,87447,79939,0,6205628,4704387,10200,3907888,796498,5205871
YES,NO PAC,N00040876,Jason Crow (D),D,CO06,W,54.10,255763,142,12500,58500,103077,81686,0,5083535,3762287,0,3068790,693497,4486017
YES,NO PAC,N00041370,Andy Kim (D),D,NJ03,W,49.90,446039,221,12000,114500,184939,134600,0,5188169,4200825,1260,3244842,955983,4434098
YES,PAC,N00042013,Ben McAdams (D),D,UT04,W,50.10,258282,108,12000,139000,49832,57450,0,2850479,2511075,0,2006181,504893,2612518
NO,PAC,N00031938,Justin Amash (R),R,MI03,W,54.40,44426,35,12000,0,24036,8390,0,608896,563365,0,490982,72382,583533
NO,NO PAC,N00033492,Elizabeth Warren (D),D,MAS1,W,60.30,342173,126,11500,158275,55898,116500,0,34114040,29600511,0,10587636,19012867,20475491
YES,NO PAC,N00028122,TJ Cox (D),D,CA21,W,48.60,212083,89,10000,47000,83683,71400,0,2476853,1718989,265500,1250844,468145,2245310
YES,NO PAC,N00040865,Katie Porter (D),D,CA45,W,51.90,197550,99,9500,19000,93750,75300,0,5833764,4771528,258,3392222,1379306,5322914
YES,PAC,N00000286,Mitt Romney (R),R,UTS1,W,62.60,9000,19,9000,0,0,0,0,5144278,3967444,0,3566112,401332,4650674
YES,PAC,N00037039,Angie Craig (D),D,MN02,W,52.80,372569,168,8500,121000,130499,112570,0,4658540,3264959,27981,2400255,864704,3593052
YES,NO PAC,N00040741,Antonio Delgado (D),D,NY19,W,50.20,316937,155,8000,51500,145437,112000,0,7847726,7027556,0,5929542,1098014,7081167
YES,PAC,N00041561,Debbie Mucarsel-Powell (D),D,FL26,W,50.90,263768,124,7500,42500,117668,96100,0,3747706,2739025,1000,2235273,503752,3529599
YES,NO PAC,N00042293,Elaine Luria (D),D,VA02,W,51.10,180724,87,7500,36500,71724,65000,0,3585621,2456938,5360,1896896,560042,2671313
YES,NO PAC,N00041668,Jared Golden (D),D,ME02,W,50.60,266951,113,7000,104000,84901,71050,0,4615990,4118928,1000,3208077,910852,4166272
YES,NO PAC,N00042813,Lucy McBath (D),D,GA06,W,50.50,188805,88,6500,18433,97972,65900,0,1791661,1561103,653,1047453,513651,1226839
YES,NO PAC,N00041104,Cindy Axne (D),D,IA03,W,49.00,251042,119,6000,63500,84141,97401,0,4331158,3562172,24082,2810920,751252,3426863
YES,NO PAC,N00040666,Harley Rouda (D),D,CA48,W,52.20,203550,93,6000,47750,65000,84800,0,6771526,5013594,1138955,3668971,1344623,6042927
NO,NO PAC,N00026427,Ro Khanna (D),D,CA17,W,74.60,16500,13,5500,5000,4000,2000,0,2622022,2630917,0,2484581,146336,1753566
YES,PAC,N00041338,Sean Casten (D),D,IL06,W,53.60,184295,97,5000,30500,65995,81800,1000,5320441,4352174,630000,3384947,967227,4121164
YES,PAC,N00041002,Jennifer Wexton (D),D,VA10,W,56.10,151333,77,5000,51000,39533,55800,0,5387365,5016756,0,3910952,1105804,4256873
YES,PAC,N00041194,Lizzie Fletcher (D),D,TX07,W,52.50,224838,105,5000,30145,103043,86650,0,5325090,4623042,18495,3875678,747364,4591888
YES,NO PAC,N00041588,Max Rose (D),D,NY11,W,52.80,137508,80,5000,2500,69508,60500,0,4111078,3409698,538,2955652,454046,3052422
YES,NO PAC,N00041418,Abigail Spanberger (D),D,VA07,W,50.30,135224,66,5000,25500,51874,52850,0,5894232,5071276,0,3940814,1130462,5303695
YES,NO PAC,N00041843,Tom Malinowski (D),D,NJ07,W,51.50,264974,127,5000,47500,98774,113700,0,5234360,4277982,0,3721902,556079,4400085
YES,PAC,N00041569,Lauren A Underwood (D),D,IL14,W,52.50,192083,108,4500,20000,77482,87601,2500,3957261,3332911,9390,2371385,961526,2786072
NO,NO PAC,N00007836,Maria Cantwell (D),D,WAS1,W,58.40,62103,82,4097,32000,26006,0,0,11472912,11151375,0,8253502,2897864,8230971
NO,PAC,N00007635,Amata Coleman Radewagen (R),R,AS00,W,0.00,43750,25,3500,0,1250,39000,0,142915,96015,1000,91600,4415,146035
YES,NO PAC,N00040667,Mike Levin (D),D,CA49,W,55.00,289829,140,3500,60250,133979,92100,0,5523900,4496716,11526,3299506,1197210,4694259
YES,NO PAC,N00042161,Chris Pappas (D),D,NH01,W,53.50,62555,26,3500,24000,18540,16515,0,1869153,1482033,16759,989212,492821,1210565
YES,NO PAC,N00040644,Katie Hill (D),D,CA25,W,52.60,244941,124,3000,20250,129691,92000,0,7269115,6121829,13938,4588952,1532877,5891575
YES,NO PAC,N00041808,Lori Trahan (D),D,MA03,W,62.00,20000,5,2500,17500,0,0,0,2023016,1393136,378728,1240715,152421,1708115
YES,NO PAC,N00042649,Rashida Tlaib (D),D,MI13,W,84.20,88569,45,2500,33500,42569,10000,0,1592223,1478263,0,1227513,250751,1463894
NO,PAC,N00030418,Gregorio Sablan (I),I,MP00,W,0.00,54000,28,2000,19500,21500,11000,0,111633,51542,0,48297,3245,88890
YES,NO PAC,N00041134,Dean Phillips (D),D,MN03,W,55.70,14384,17,750,5000,4500,4134,0,5236635,4375988,844330,3442777,933211,5003760
YES,NO PAC,N00041162,Alexandria Ocasio-Cortez (D),D,NY14,W,78.00,41489,26,0,16500,24489,500,0,1827690,1817011,0,684762,1132249,1266162
YES,NO PAC,N00040989,Colin Allred (D),D,TX32,W,52.20,171418,81,0,50000,58218,63200,0,4918539,4145529,25000,3298812,846717,3532712
YES,NO PAC,N00041394,Kendra Horn (D),D,OK05,W,50.70,30500,15,0,30500,0,0,0,1015995,961579,0,781322,180257,917295
YES,NO PAC,N00041400,Joe Cunningham (D),D,SC01,W,50.60,10608,12,0,0,9608,1000,0,1908175,1900221,0,1447910,452311,1610079
YES,NO PAC,N00041464,Gil Cisneros (D),D,CA39,W,51.50,69200,49,0,17000,37900,14300,0,11126339,1871443,8852762,1392199,479245,10494157
YES,NO PAC,N00040853,Josh Harder (D),D,CA10,W,51.30,166358,68,0,50000,61558,54800,0,7003682,6228961,0,4839415,1389546,6161067
YES,NO PAC,N00039122,David Trone (D),D,MD06,W,59.00,599,7,0,0,599,0,0,16524302,542799,15983172,527572,15227,15866244
YES,NO PAC,N00043581,Ilhan Omar (D),D,MN05,W,78.20,13500,4,0,5000,7500,1000,0,790460,697326,0,465020,232306,672665
YES,NO PAC,N00042581,Ayanna Pressley (D),D,MA07,W,0.00,14000,6,0,10000,4000,0,0,1262506,1189632,0,912087,277546,1155959
YES,PAC,N00042626,Sharice Davids (D),D,KS03,W,53.60,17000,9,0,0,12500,4500,0,3968912,3361753,0,2376936,984817,3436462
NO,NO PAC,N00027751,John Sarbanes (D),D,MD03,W,69.10,0,10,0,0,599,0,0,894361,897277,0,865445,31832,661048
NO,NO PAC,N00000528,Bernie Sanders (I),I,VTS1,W,70.00,117700,38,0,64700,18000,35000,0,10293878,10129466,0,2229948,7899516,5223586
NO,NO PAC,N00040007,Francis Rooney (R),R,FL19,W,62.30,0,71,0,0,0,0,0,697653,484974,170000,470365,14609,893942
z,NO PAC,N00028463,Phil Roe (R),R,TN01,W,77.10,10000,23,0,0,15500,0,1000,357099,337099,0,306418,30681,588015
